{"display":{"gui":{"rotation":[30.0,225.0,0.0]}},"elements":[{"from":[4.1677995,5.6636944,4.0148306],"to":[6.1677995,7.6636944,9.014831],"faces":{"east":{"uv":[1.125,10.875,0.5,11.125],"texture":"#0","tintindex":0},"south":{"uv":[0.5,11.5,0.25,11.75],"texture":"#0","tintindex":0},"north":{"uv":[0.25,11.5,0.0,11.75],"texture":"#0","tintindex":0},"west":{"uv":[1.125,11.125,0.5,11.375],"texture":"#0","tintindex":0},"up":{"uv":[0.0,11.5,0.25,10.875],"texture":"#0","tintindex":0},"down":{"uv":[0.25,10.875,0.5,11.5],"texture":"#0","tintindex":0}}},{"from":[5.0,4.0,4.5],"to":[9.0,8.0,10.5],"faces":{"east":{"uv":[9.875,6.625,9.125,7.125],"texture":"#0","tintindex":0},"south":{"uv":[4.0,10.0,3.5,10.5],"texture":"#0","tintindex":0},"north":{"uv":[3.5,10.0,3.0,10.5],"texture":"#0","tintindex":0},"west":{"uv":[9.875,0.0,9.125,0.5],"texture":"#0","tintindex":0},"up":{"uv":[2.5,10.0,3.0,9.25],"texture":"#0","tintindex":0},"down":{"uv":[3.0,9.25,3.5,10.0],"texture":"#0","tintindex":0}}},{"from":[2.8994265,1.9125175,4.746829],"to":[6.899427,4.9125175,10.746829],"rotation":{"origin":[6.8786798,1.8786793,6.0],"axis":"z","angle":-45.0},"faces":{"east":{"uv":[10.0,9.75,9.25,10.125],"texture":"#0","tintindex":0},"south":{"uv":[10.625,3.5,10.125,3.875],"texture":"#0","tintindex":0},"north":{"uv":[10.5,8.0,10.0,8.375],"texture":"#0","tintindex":0},"west":{"uv":[8.0,9.75,7.25,10.125],"texture":"#0","tintindex":0},"up":{"uv":[3.5,10.0,4.0,9.25],"texture":"#0","tintindex":0},"down":{"uv":[4.0,9.25,4.5,10.0],"texture":"#0","tintindex":0}}}],"textures":{"0":"modelengine:entity/rot"}}