{"display":{"gui":{"rotation":[30.0,225.0,0.0]}},"elements":[{"from":[-6.0,14.0,-11.0],"to":[24.0,29.0,23.0],"faces":{"east":{"uv":[9.538462,6.1538463,12.153847,7.3076925],"texture":"#0","tintindex":0},"south":{"uv":[6.1538463,10.538462,8.461538,11.692308],"texture":"#0","tintindex":0},"north":{"uv":[3.846154,10.538462,6.1538463,11.692308],"texture":"#0","tintindex":0},"west":{"uv":[9.538462,7.3076925,12.153847,8.461538],"texture":"#0","tintindex":0},"up":{"uv":[2.3076923,8.307693,0.0,5.692308],"texture":"#0","tintindex":0},"down":{"uv":[4.6153846,5.692308,2.3076923,8.307693],"texture":"#0","tintindex":0}}},{"from":[-3.0,6.0,-3.0],"to":[18.0,21.0,16.0],"faces":{"east":{"uv":[5.692308,7.615385,7.1538463,8.769231],"texture":"#0","tintindex":0},"south":{"uv":[5.769231,11.692308,7.384616,12.846154],"texture":"#0","tintindex":0},"north":{"uv":[4.1538463,11.692308,5.769231,12.846154],"texture":"#0","tintindex":0},"west":{"uv":[11.846154,1.4615386,13.307693,2.6153848],"texture":"#0","tintindex":0},"up":{"uv":[12.846154,1.4615386,11.23077,0.0],"texture":"#0","tintindex":0},"down":{"uv":[13.23077,3.0769231,11.615385,4.5384617],"texture":"#0","tintindex":0}}}],"textures":{"0":"modelengine:entity/toro_golem"}}