{"display":{"gui":{"rotation":[30.0,225.0,0.0]}},"elements":[{"from":[6.0,14.0,9.0],"to":[7.0,21.0,9.0],"faces":{"south":{"uv":[0.0,0.0,0.07692308,0.30769232],"texture":"#0","tintindex":0},"north":{"uv":[0.0,0.0,0.07692308,0.30769232],"texture":"#0","tintindex":0}}},{"from":[0.0,2.0,2.0],"to":[12.0,18.0,15.0],"rotation":{"origin":[11.0,17.0,9.0],"axis":"z","angle":22.5},"faces":{"east":{"uv":[13.23077,10.769231,14.23077,12.0],"texture":"#0","tintindex":0},"south":{"uv":[0.0,13.461539,0.923077,14.692308],"texture":"#0","tintindex":0},"north":{"uv":[13.307693,1.2307693,14.23077,2.4615386],"texture":"#0","tintindex":0},"west":{"uv":[12.0,13.23077,13.000001,14.461539],"texture":"#0","tintindex":0},"up":{"uv":[14.769232,14.846154,13.846154,13.846154],"texture":"#0","tintindex":0},"down":{"uv":[4.1538463,13.923078,3.2307694,14.923078],"texture":"#0","tintindex":0}}},{"from":[4.0,21.0,9.0],"to":[9.0,21.0,14.0],"rotation":{"origin":[8.0,18.0,10.0],"axis":"x","angle":-45.0},"faces":{"up":{"uv":[7.3076925,15.076923,7.692308,15.461539],"texture":"#0","tintindex":0},"down":{"uv":[7.3076925,15.076923,7.692308,15.461539],"texture":"#0","tintindex":0}}}],"textures":{"0":"modelengine:entity/toro_golem"}}