{"display":{"gui":{"rotation":[30.0,225.0,0.0]}},"elements":[{"from":[-7.0,6.0,-7.0],"to":[23.0,12.0,19.0],"faces":{"east":{"uv":[14.000001,0.0,16.0,0.4615385],"texture":"#0","tintindex":0},"south":{"uv":[0.923077,13.615385,3.2307694,14.076923],"texture":"#0","tintindex":0},"north":{"uv":[13.23077,3.7692308,15.538462,4.230769],"texture":"#0","tintindex":0},"west":{"uv":[14.000001,0.4615385,16.0,0.923077],"texture":"#0","tintindex":0},"up":{"uv":[9.538462,7.0000005,7.2307696,5.0],"texture":"#0","tintindex":0},"down":{"uv":[9.538462,7.0000005,7.2307696,9.0],"texture":"#0","tintindex":0}}}],"textures":{"0":"modelengine:entity/toro_golem"}}