{"display":{"gui":{"rotation":[30.0,225.0,0.0]}},"elements":[{"from":[4.5,-6.0,3.5],"to":[12.0,7.5,11.5],"faces":{"east":{"uv":[8.461538,10.538462,9.692308,12.615385],"texture":"#0","tintindex":0},"south":{"uv":[1.1538461,11.384616,2.3076923,13.461539],"texture":"#0","tintindex":0},"north":{"uv":[0.0,11.384616,1.1538461,13.461539],"texture":"#0","tintindex":0},"west":{"uv":[9.692308,10.538462,10.923078,12.615385],"texture":"#0","tintindex":0},"up":{"uv":[14.000001,1.2307693,12.846154,0.0],"texture":"#0","tintindex":0},"down":{"uv":[6.1538463,12.846154,5.0,14.076923],"texture":"#0","tintindex":0}}}],"textures":{"0":"modelengine:entity/toro_golem"}}