{"display":{"gui":{"rotation":[30.0,225.0,0.0]}},"elements":[{"from":[7.5,2.5,3.0],"to":[15.0,10.5,11.0],"faces":{"east":{"uv":[12.0,10.769231,13.23077,12.0],"texture":"#0","tintindex":0},"south":{"uv":[10.153847,12.923078,11.307693,14.153847],"texture":"#0","tintindex":0},"north":{"uv":[6.1538463,12.846154,7.3076925,14.076923],"texture":"#0","tintindex":0},"west":{"uv":[12.0,12.0,13.23077,13.23077],"texture":"#0","tintindex":0},"up":{"uv":[14.153847,7.1538463,13.000001,5.923077],"texture":"#0","tintindex":0},"down":{"uv":[14.153847,7.1538463,13.000001,8.384616],"texture":"#0","tintindex":0}}},{"from":[9.0,-9.5,5.5],"to":[13.5,3.5,9.5],"faces":{"east":{"uv":[13.23077,12.0,13.846154,14.000001],"texture":"#0","tintindex":0},"south":{"uv":[7.3076925,13.076923,8.0,15.076923],"texture":"#0","tintindex":0},"north":{"uv":[11.307693,12.923078,12.0,14.923078],"texture":"#0","tintindex":0},"west":{"uv":[13.384616,8.384616,14.000001,10.384616],"texture":"#0","tintindex":0},"up":{"uv":[6.461539,5.615385,5.769231,5.0],"texture":"#0","tintindex":0},"down":{"uv":[7.1538463,5.0,6.461539,5.615385],"texture":"#0","tintindex":0}}}],"textures":{"0":"modelengine:entity/toro_golem"}}