{"display":{"gui":{"rotation":[30.0,225.0,0.0]}},"elements":[{"from":[4.0,-8.0,4.0],"to":[11.0,7.0,11.0],"faces":{"east":{"uv":[5.5384617,14.076923,6.0769234,15.23077],"texture":"#0","tintindex":0},"south":{"uv":[6.0769234,14.076923,6.615385,15.23077],"texture":"#0","tintindex":0},"north":{"uv":[5.0,14.076923,5.5384617,15.23077],"texture":"#0","tintindex":0},"west":{"uv":[6.615385,14.076923,7.1538463,15.23077],"texture":"#0","tintindex":0},"up":{"uv":[10.076923,9.0,9.538462,8.461538],"texture":"#0","tintindex":0},"down":{"uv":[4.3846154,9.846154,3.846154,10.384616],"texture":"#0","tintindex":0}}}],"textures":{"0":"modelengine:entity/toro_golem"}}