{"display":{"gui":{"rotation":[30.0,225.0,0.0]}},"elements":[{"from":[6.0,-3.0,6.0],"to":[10.0,7.0,9.0],"faces":{"east":{"uv":[8.923078,14.307693,9.153847,15.076923],"texture":"#0","tintindex":0},"south":{"uv":[8.384616,14.307693,8.692308,15.076923],"texture":"#0","tintindex":0},"north":{"uv":[14.307693,2.6153848,14.615385,3.3846154],"texture":"#0","tintindex":0},"west":{"uv":[9.153847,14.307693,9.384616,15.076923],"texture":"#0","tintindex":0},"up":{"uv":[6.615385,9.0,6.3076925,8.769231],"texture":"#0","tintindex":0},"down":{"uv":[6.923077,8.769231,6.615385,9.0],"texture":"#0","tintindex":0}}}],"textures":{"0":"modelengine:entity/toro_golem"}}