{"display":{"gui":{"rotation":[30.0,225.0,0.0]}},"elements":[{"from":[8.840082,0.9805765,1.746829],"to":[10.840082,2.9805765,6.746829],"faces":{"east":{"uv":[0.5,11.125,1.125,11.375],"texture":"#1","tintindex":0},"south":{"uv":[0.25,11.5,0.5,11.75],"texture":"#1","tintindex":0},"north":{"uv":[0.0,11.5,0.25,11.75],"texture":"#1","tintindex":0},"west":{"uv":[0.5,10.875,1.125,11.125],"texture":"#1","tintindex":0},"up":{"uv":[0.25,11.5,0.0,10.875],"texture":"#1","tintindex":0},"down":{"uv":[0.5,10.875,0.25,11.5],"texture":"#1","tintindex":0}}},{"from":[5.3786798,3.9713202,2.0],"to":[10.378679,7.971319,9.0],"faces":{"east":{"uv":[8.375,6.125,9.25,6.625],"texture":"#1","tintindex":0},"south":{"uv":[8.625,9.625,9.25,10.125],"texture":"#1","tintindex":0},"north":{"uv":[9.625,5.25,10.25,5.75],"texture":"#1","tintindex":0},"west":{"uv":[8.5,4.375,9.375,4.875],"texture":"#1","tintindex":0},"up":{"uv":[8.5,5.25,7.875,4.375],"texture":"#1","tintindex":0},"down":{"uv":[6.75,7.875,6.125,8.75],"texture":"#1","tintindex":0}}},{"from":[7.979253,-2.1161623,2.746829],"to":[11.979253,0.8838377,8.746829],"rotation":{"origin":[8.0,-2.1500006,4.0],"axis":"z","angle":45.0},"faces":{"east":{"uv":[7.25,9.75,8.0,10.125],"texture":"#1","tintindex":0},"south":{"uv":[10.125,3.5,10.625,3.875],"texture":"#1","tintindex":0},"north":{"uv":[10.0,8.0,10.5,8.375],"texture":"#1","tintindex":0},"west":{"uv":[9.25,9.75,10.0,10.125],"texture":"#1","tintindex":0},"up":{"uv":[4.0,10.0,3.5,9.25],"texture":"#1","tintindex":0},"down":{"uv":[4.5,9.25,4.0,10.0],"texture":"#1","tintindex":0}}},{"from":[5.8786798,-0.028679848,2.5],"to":[9.878679,3.9713202,8.5],"faces":{"east":{"uv":[9.125,0.0,9.875,0.5],"texture":"#1","tintindex":0},"south":{"uv":[3.5,10.0,4.0,10.5],"texture":"#1","tintindex":0},"north":{"uv":[3.0,10.0,3.5,10.5],"texture":"#1","tintindex":0},"west":{"uv":[9.125,6.625,9.875,7.125],"texture":"#1","tintindex":0},"up":{"uv":[3.0,10.0,2.5,9.25],"texture":"#1","tintindex":0},"down":{"uv":[3.5,9.25,3.0,10.0],"texture":"#1","tintindex":0}}}],"textures":{"1":"modelengine:entity/rot"}}