{"display":{"gui":{"rotation":[30.0,225.0,0.0]}},"elements":[{"from":[6.4142137,0.46398926,11.199775],"to":[6.4142137,10.463989,15.199775],"rotation":{"origin":[6.4142137,5.4639893,13.199775],"axis":"y","angle":45.0},"faces":{"east":{"uv":[3.0,7.75,3.5,9.0],"texture":"#0","tintindex":0},"west":{"uv":[8.0,8.0,8.5,9.25],"texture":"#0","tintindex":0}}},{"from":[5.0,0.46398926,3.7855606],"to":[11.0,10.463989,11.785561],"faces":{"east":{"uv":[5.0,1.5,6.0,2.75],"texture":"#0","tintindex":0},"south":{"uv":[2.75,6.5,3.5,7.75],"texture":"#0","tintindex":0},"north":{"uv":[2.0,6.5,2.75,7.75],"texture":"#0","tintindex":0},"west":{"uv":[5.375,2.75,6.375,4.0],"texture":"#0","tintindex":0},"up":{"uv":[8.0,4.375,7.25,3.375],"texture":"#0","tintindex":0},"down":{"uv":[8.125,6.375,7.375,7.375],"texture":"#0","tintindex":0}}}],"textures":{"0":"modelengine:entity/kur"}}