{"display":{"gui":{"rotation":[30.0,225.0,0.0]}},"elements":[{"from":[4.3786798,4.1213207,5.0],"to":[8.378679,10.121323,11.0],"faces":{"east":{"uv":[0.5,7.625,1.25,8.375],"texture":"#1","tintindex":0},"south":{"uv":[9.0,2.75,9.5,3.5],"texture":"#1","tintindex":0},"north":{"uv":[8.75,8.875,9.25,9.625],"texture":"#1","tintindex":0},"west":{"uv":[7.625,6.125,8.375,6.875],"texture":"#1","tintindex":0},"up":{"uv":[9.5,4.25,9.0,3.5],"texture":"#1","tintindex":0},"down":{"uv":[0.875,9.125,0.375,9.875],"texture":"#1","tintindex":0}}},{"from":[4.3786798,0.121320724,5.0],"to":[7.3786798,4.1213207,10.0],"faces":{"east":{"uv":[9.5,8.375,10.125,8.875],"texture":"#1","tintindex":0},"south":{"uv":[5.375,10.125,5.75,10.625],"texture":"#1","tintindex":0},"north":{"uv":[5.0,10.125,5.375,10.625],"texture":"#1","tintindex":0},"west":{"uv":[9.625,0.5,10.25,1.0],"texture":"#1","tintindex":0},"up":{"uv":[6.125,10.375,5.75,9.75],"texture":"#1","tintindex":0},"down":{"uv":[0.875,9.875,0.5,10.5],"texture":"#1","tintindex":0}}}],"textures":{"1":"modelengine:entity/rot"}}