{"display":{"gui":{"rotation":[30.0,225.0,0.0]}},"elements":[{"from":[7.6213202,4.1213207,5.0],"to":[11.621321,10.121323,11.0],"faces":{"east":{"uv":[8.375,6.125,7.625,6.875],"texture":"#1","tintindex":0},"south":{"uv":[9.5,2.75,9.0,3.5],"texture":"#1","tintindex":0},"north":{"uv":[9.25,8.875,8.75,9.625],"texture":"#1","tintindex":0},"west":{"uv":[1.25,7.625,0.5,8.375],"texture":"#1","tintindex":0},"up":{"uv":[9.0,4.25,9.5,3.5],"texture":"#1","tintindex":0},"down":{"uv":[0.375,9.125,0.875,9.875],"texture":"#1","tintindex":0}}},{"from":[8.621321,0.121320724,5.0],"to":[11.621321,4.1213207,10.0],"faces":{"east":{"uv":[10.25,0.5,9.625,1.0],"texture":"#1","tintindex":0},"south":{"uv":[5.75,10.125,5.375,10.625],"texture":"#1","tintindex":0},"north":{"uv":[5.375,10.125,5.0,10.625],"texture":"#1","tintindex":0},"west":{"uv":[10.125,8.375,9.5,8.875],"texture":"#1","tintindex":0},"up":{"uv":[5.75,10.375,6.125,9.75],"texture":"#1","tintindex":0},"down":{"uv":[0.5,9.875,0.875,10.5],"texture":"#1","tintindex":0}}}],"textures":{"1":"modelengine:entity/rot"}}