{"display":{"gui":{"rotation":[30.0,225.0,0.0]}},"elements":[{"from":[5.0,-3.9144716,8.111031],"to":[11.0,2.0855284,14.111031],"faces":{"east":{"uv":[2.9375,7.0625,3.3125,7.4375],"texture":"#3","tintindex":0},"south":{"uv":[3.3125,7.0625,3.6875,7.4375],"texture":"#3","tintindex":0},"north":{"uv":[2.5625,7.0625,2.9375,7.4375],"texture":"#3","tintindex":0},"west":{"uv":[3.6875,7.125,4.0625,7.5],"texture":"#3","tintindex":0},"up":{"uv":[4.4375,7.5,4.0625,7.125],"texture":"#3","tintindex":0},"down":{"uv":[4.8125,7.125,4.4375,7.5],"texture":"#3","tintindex":0}}},{"from":[4.5,2.0855284,8.111031],"to":[11.5,10.085528,16.11103],"faces":{"east":{"uv":[2.75,6.1875,3.25,6.6875],"texture":"#3","tintindex":0},"south":{"uv":[1.8125,6.3125,2.25,6.8125],"texture":"#3","tintindex":0},"north":{"uv":[6.3125,1.75,6.75,2.25],"texture":"#3","tintindex":0},"west":{"uv":[3.25,6.1875,3.75,6.6875],"texture":"#3","tintindex":0},"up":{"uv":[6.8125,1.375,6.375,0.875],"texture":"#3","tintindex":0},"down":{"uv":[1.375,6.4375,0.9375,6.9375],"texture":"#3","tintindex":0}}}],"textures":{"3":"modelengine:entity/lr_minotaur_flash"}}