{"display":{"gui":{"rotation":[30.0,225.0,0.0]}},"elements":[{"from":[14.832066,10.520897,4.3550997],"to":[16.832066,17.520897,14.3551],"rotation":{"origin":[15.332066,21.020897,7.8550997],"axis":"z","angle":-22.5},"faces":{"east":{"uv":[6.5625,6.0,5.9375,6.4375],"texture":"#3","tintindex":0},"south":{"uv":[3.625,7.4375,3.5,7.875],"texture":"#3","tintindex":0},"north":{"uv":[6.5625,5.125,6.4375,5.5625],"texture":"#3","tintindex":0},"west":{"uv":[6.5625,5.5625,5.9375,6.0],"texture":"#3","tintindex":0},"up":{"uv":[1.125,8.0,1.25,7.375],"texture":"#3","tintindex":0},"down":{"uv":[3.375,7.4375,3.5,8.0625],"texture":"#3","tintindex":0}}},{"from":[6.0,-2.499999,5.5],"to":[11.0,1.5,9.5],"rotation":{"origin":[9.0,-4.999999,10.0],"axis":"x","angle":-22.5},"faces":{"east":{"uv":[5.0,0.375,4.75,0.625],"texture":"#3","tintindex":0},"south":{"uv":[7.75,4.6875,7.4375,4.9375],"texture":"#3","tintindex":0},"north":{"uv":[7.75,4.4375,7.4375,4.6875],"texture":"#3","tintindex":0},"west":{"uv":[4.9375,3.125,4.6875,3.375],"texture":"#3","tintindex":0},"up":{"uv":[7.4375,5.625,7.75,5.375],"texture":"#3","tintindex":0},"down":{"uv":[7.4375,5.625,7.75,5.875],"texture":"#3","tintindex":0}}},{"from":[4.0,-0.7168579,3.3550997],"to":[12.0,11.283142,12.3551],"faces":{"east":{"uv":[4.9375,4.125,4.375,4.875],"texture":"#3","tintindex":0},"south":{"uv":[4.5625,4.875,4.0625,5.625],"texture":"#3","tintindex":0},"north":{"uv":[1.3125,4.875,0.8125,5.625],"texture":"#3","tintindex":0},"west":{"uv":[4.9375,3.375,4.375,4.125],"texture":"#3","tintindex":0},"up":{"uv":[0.0,6.3125,0.5,5.75],"texture":"#3","tintindex":0},"down":{"uv":[1.8125,5.75,2.3125,6.3125],"texture":"#3","tintindex":0}}},{"from":[9.0,4.283142,4.3550997],"to":[13.0,12.283142,13.3551],"faces":{"east":{"uv":[6.375,0.875,5.8125,1.375],"texture":"#3","tintindex":0},"south":{"uv":[0.75,5.75,0.5,6.25],"texture":"#3","tintindex":0},"north":{"uv":[5.4375,5.625,5.1875,6.125],"texture":"#3","tintindex":0},"west":{"uv":[6.3125,2.125,5.75,2.625],"texture":"#3","tintindex":0},"up":{"uv":[0.875,2.3125,1.125,1.75],"texture":"#3","tintindex":0},"down":{"uv":[4.125,3.375,4.375,3.9375],"texture":"#3","tintindex":0}}}],"textures":{"3":"modelengine:entity/lr_minotaur_flash"}}