{"display":{"gui":{"rotation":[30.0,225.0,0.0]}},"elements":[{"from":[0.0,4.7683716E-7,3.0],"to":[7.0,9.0,13.0],"rotation":{"origin":[5.0,5.0,6.0],"axis":"z","angle":-22.5},"faces":{"east":{"uv":[2.5625,5.1875,1.9375,5.75],"texture":"#3","tintindex":0},"south":{"uv":[0.4375,6.3125,0.0,6.875],"texture":"#3","tintindex":0},"north":{"uv":[6.6875,3.125,6.25,3.6875],"texture":"#3","tintindex":0},"west":{"uv":[5.8125,1.5625,5.1875,2.125],"texture":"#3","tintindex":0},"up":{"uv":[4.5,6.75,4.9375,6.125],"texture":"#3","tintindex":0},"down":{"uv":[4.9375,6.125,5.375,6.75],"texture":"#3","tintindex":0}}},{"from":[-1.697628,3.5474682,1.0],"to":[2.302372,7.547468,8.0],"faces":{"east":{"uv":[7.75,6.8125,7.3125,7.0625],"texture":"#3","tintindex":0},"south":{"uv":[0.5,7.5,0.25,7.75],"texture":"#3","tintindex":0},"north":{"uv":[7.6875,6.125,7.4375,6.375],"texture":"#3","tintindex":0},"west":{"uv":[7.75,3.6875,7.3125,3.9375],"texture":"#3","tintindex":0},"up":{"uv":[7.3125,7.5,7.5625,7.0625],"texture":"#3","tintindex":0},"down":{"uv":[7.375,0.25,7.625,0.6875],"texture":"#3","tintindex":0}}}],"textures":{"3":"modelengine:entity/lr_minotaur_flash"}}