{"display":{"gui":{"rotation":[30.0,225.0,0.0]}},"elements":[{"from":[6.995001,-3.5950012,0.08998585],"to":[8.0,-2.590002,3.1049857],"rotation":{"origin":[2.4974995,4.9770756,-5.1217365],"axis":"x","angle":-45.0},"faces":{"east":{"uv":[12.25,7.75,12.5,7.0],"texture":"#1","rotation":270,"tintindex":0},"south":{"uv":[12.25,7.5,12.5,7.75],"texture":"#1","rotation":270,"tintindex":0},"north":{"uv":[12.5,7.0,12.25,7.25],"texture":"#1","rotation":90,"tintindex":0},"west":{"uv":[12.25,7.0,12.5,7.75],"texture":"#1","rotation":270,"tintindex":0},"up":{"uv":[12.25,7.0,12.5,7.75],"texture":"#1","tintindex":0},"down":{"uv":[12.25,7.0,12.5,7.75],"texture":"#1","rotation":180,"tintindex":0}}},{"from":[6.995001,3.4399986,-7.950014],"to":[8.0,4.4449987,-3.9300146],"rotation":{"origin":[2.4974995,4.9770756,-5.1217365],"axis":"x","angle":-45.0},"faces":{"east":{"uv":[14.0,6.0,14.25,5.0],"texture":"#1","rotation":270,"tintindex":0},"south":{"uv":[14.0,5.75,14.25,6.0],"texture":"#1","rotation":270,"tintindex":0},"north":{"uv":[14.25,5.0,14.0,5.25],"texture":"#1","rotation":90,"tintindex":0},"west":{"uv":[14.0,5.0,14.25,6.0],"texture":"#1","rotation":270,"tintindex":0},"up":{"uv":[14.0,5.0,14.25,6.0],"texture":"#1","tintindex":0},"down":{"uv":[14.0,5.0,14.25,6.0],"texture":"#1","rotation":180,"tintindex":0}}},{"from":[6.995001,4.4449987,-8.955013],"to":[8.0,5.449999,-4.9350147],"rotation":{"origin":[2.4974995,4.9770756,-5.1217365],"axis":"x","angle":-45.0},"faces":{"east":{"uv":[14.25,5.75,14.5,4.75],"texture":"#1","rotation":270,"tintindex":0},"south":{"uv":[14.25,5.5,14.5,5.75],"texture":"#1","rotation":270,"tintindex":0},"north":{"uv":[14.5,4.75,14.25,5.0],"texture":"#1","rotation":90,"tintindex":0},"west":{"uv":[14.25,4.75,14.5,5.75],"texture":"#1","rotation":270,"tintindex":0},"up":{"uv":[14.25,4.75,14.5,5.75],"texture":"#1","tintindex":0},"down":{"uv":[14.25,4.75,14.5,5.75],"texture":"#1","rotation":180,"tintindex":0}}},{"from":[6.995001,5.449999,-9.960014],"to":[8.0,6.454998,-5.940015],"rotation":{"origin":[2.4974995,4.9770756,-5.1217365],"axis":"x","angle":-45.0},"faces":{"east":{"uv":[14.5,5.5,14.75,4.5],"texture":"#1","rotation":270,"tintindex":0},"south":{"uv":[14.5,5.25,14.75,5.5],"texture":"#1","rotation":270,"tintindex":0},"north":{"uv":[14.75,4.5,14.5,4.75],"texture":"#1","rotation":90,"tintindex":0},"west":{"uv":[14.5,4.5,14.75,5.5],"texture":"#1","rotation":270,"tintindex":0},"up":{"uv":[14.5,4.5,14.75,5.5],"texture":"#1","tintindex":0},"down":{"uv":[14.5,4.5,14.75,5.5],"texture":"#1","rotation":180,"tintindex":0}}},{"from":[6.01,2.0,4.0],"to":[8.51,8.0,7.5],"faces":{"east":{"uv":[10.0,6.75,11.0,8.0],"texture":"#4","tintindex":0},"south":{"uv":[12.75,6.75,13.5,8.0],"texture":"#4","tintindex":0},"north":{"uv":[11.0,6.75,11.75,8.0],"texture":"#4","tintindex":0},"west":{"uv":[11.75,6.75,12.75,8.0],"texture":"#4","tintindex":0},"up":{"uv":[11.75,5.0,11.0,4.0],"texture":"#4","tintindex":0},"down":{"uv":[12.5,4.0,11.75,5.0],"texture":"#4","tintindex":0}}},{"from":[6.995001,6.454998,-10.965015],"to":[8.0,8.464998,-7.950014],"rotation":{"origin":[2.4974995,4.9770756,-5.1217365],"axis":"x","angle":-45.0},"faces":{"east":{"uv":[14.75,5.0,15.25,4.25],"texture":"#1","rotation":270,"tintindex":0},"south":{"uv":[14.75,4.75,15.25,5.0],"texture":"#1","rotation":270,"tintindex":0},"north":{"uv":[15.25,4.25,14.75,4.5],"texture":"#1","rotation":90,"tintindex":0},"west":{"uv":[14.75,4.25,15.25,5.0],"texture":"#1","rotation":270,"tintindex":0},"up":{"uv":[15.0,4.25,15.25,5.0],"texture":"#1","tintindex":0},"down":{"uv":[14.75,4.25,15.0,5.0],"texture":"#1","rotation":180,"tintindex":0}}},{"from":[6.995001,-2.590002,-0.91501427],"to":[8.0,-1.585001,2.0999856],"rotation":{"origin":[2.4974995,4.9770756,-5.1217365],"axis":"x","angle":-45.0},"faces":{"east":{"uv":[12.5,7.5,12.75,6.75],"texture":"#1","rotation":270,"tintindex":0},"south":{"uv":[12.5,7.25,12.75,7.5],"texture":"#1","rotation":270,"tintindex":0},"north":{"uv":[12.75,6.75,12.5,7.0],"texture":"#1","rotation":90,"tintindex":0},"west":{"uv":[12.5,6.75,12.75,7.5],"texture":"#1","rotation":270,"tintindex":0},"up":{"uv":[12.5,6.75,12.75,7.5],"texture":"#1","tintindex":0},"down":{"uv":[12.5,6.75,12.75,7.5],"texture":"#1","rotation":180,"tintindex":0}}},{"from":[6.995001,-4.6000013,1.0949855],"to":[8.0,-3.5950012,3.1049857],"rotation":{"origin":[2.4974995,4.9770756,-5.1217365],"axis":"x","angle":-45.0},"faces":{"east":{"uv":[12.0,7.75,12.25,7.25],"texture":"#1","rotation":270,"tintindex":0},"south":{"uv":[12.0,7.5,12.25,7.75],"texture":"#1","rotation":270,"tintindex":0},"north":{"uv":[12.25,7.25,12.0,7.5],"texture":"#1","rotation":90,"tintindex":0},"west":{"uv":[12.0,7.25,12.25,7.75],"texture":"#1","rotation":270,"tintindex":0},"up":{"uv":[12.0,7.25,12.25,7.75],"texture":"#1","tintindex":0},"down":{"uv":[12.0,7.25,12.25,7.75],"texture":"#1","rotation":180,"tintindex":0}}},{"from":[6.995001,2.4349985,-6.945014],"to":[8.0,3.4399986,-2.9250145],"rotation":{"origin":[2.4974995,4.9770756,-5.1217365],"axis":"x","angle":-45.0},"faces":{"east":{"uv":[13.75,6.25,14.0,5.25],"texture":"#1","rotation":270,"tintindex":0},"south":{"uv":[13.75,6.0,14.0,6.25],"texture":"#1","rotation":270,"tintindex":0},"north":{"uv":[14.0,5.25,13.75,5.5],"texture":"#1","rotation":90,"tintindex":0},"west":{"uv":[13.75,5.25,14.0,6.25],"texture":"#1","rotation":270,"tintindex":0},"up":{"uv":[13.75,5.25,14.0,6.25],"texture":"#1","tintindex":0},"down":{"uv":[13.75,5.25,14.0,6.25],"texture":"#1","rotation":180,"tintindex":0}}},{"from":[6.995001,-0.58000183,-3.9300146],"to":[8.0,0.42499828,2.0999856],"rotation":{"origin":[2.4974995,4.9770756,-5.1217365],"axis":"x","angle":-45.0},"faces":{"east":{"uv":[13.0,7.5,13.25,6.0],"texture":"#1","rotation":270,"tintindex":0},"south":{"uv":[13.0,7.25,13.25,7.5],"texture":"#1","rotation":270,"tintindex":0},"north":{"uv":[13.25,6.0,13.0,6.25],"texture":"#1","rotation":90,"tintindex":0},"west":{"uv":[13.0,6.0,13.25,7.5],"texture":"#1","rotation":270,"tintindex":0},"up":{"uv":[13.0,6.0,13.25,7.5],"texture":"#1","tintindex":0},"down":{"uv":[13.0,6.0,13.25,7.5],"texture":"#1","rotation":180,"tintindex":0}}},{"from":[6.995001,0.42499828,-4.9350147],"to":[8.0,1.4299984,2.0999856],"rotation":{"origin":[2.4974995,4.9770756,-5.1217365],"axis":"x","angle":-45.0},"faces":{"east":{"uv":[13.25,7.5,13.5,5.75],"texture":"#1","rotation":270,"tintindex":0},"south":{"uv":[13.25,7.25,13.5,7.5],"texture":"#1","rotation":270,"tintindex":0},"north":{"uv":[13.5,5.75,13.25,6.0],"texture":"#1","rotation":90,"tintindex":0},"west":{"uv":[13.25,5.75,13.5,7.5],"texture":"#1","rotation":270,"tintindex":0},"up":{"uv":[13.25,5.75,13.5,7.5],"texture":"#1","tintindex":0},"down":{"uv":[13.25,5.75,13.5,7.5],"texture":"#1","rotation":180,"tintindex":0}}},{"from":[6.995001,6.454998,-7.950014],"to":[8.0,7.459998,-6.945014],"rotation":{"origin":[2.4974995,4.9770756,-5.1217365],"axis":"x","angle":-45.0},"faces":{"east":{"uv":[14.75,5.25,15.0,5.0],"texture":"#1","rotation":270,"tintindex":0},"south":{"uv":[14.75,5.0,15.0,5.25],"texture":"#1","rotation":270,"tintindex":0},"north":{"uv":[15.0,5.0,14.75,5.25],"texture":"#1","rotation":90,"tintindex":0},"west":{"uv":[14.75,5.0,15.0,5.25],"texture":"#1","rotation":270,"tintindex":0},"up":{"uv":[14.75,5.0,15.0,5.25],"texture":"#1","tintindex":0},"down":{"uv":[14.75,5.0,15.0,5.25],"texture":"#1","rotation":180,"tintindex":0}}},{"from":[6.995001,1.4299984,-5.940015],"to":[8.0,2.4349985,-1.9200144],"rotation":{"origin":[2.4974995,4.9770756,-5.1217365],"axis":"x","angle":-45.0},"faces":{"east":{"uv":[13.5,6.5,13.75,5.5],"texture":"#1","rotation":270,"tintindex":0},"south":{"uv":[13.5,6.25,13.75,6.5],"texture":"#1","rotation":270,"tintindex":0},"north":{"uv":[13.75,5.5,13.5,5.75],"texture":"#1","rotation":90,"tintindex":0},"west":{"uv":[13.5,5.5,13.75,6.5],"texture":"#1","rotation":270,"tintindex":0},"up":{"uv":[13.5,5.5,13.75,6.5],"texture":"#1","tintindex":0},"down":{"uv":[13.5,5.5,13.75,6.5],"texture":"#1","rotation":180,