{"display":{"gui":{"rotation":[30.0,225.0,0.0]}},"elements":[{"from":[6.4892135,2.3083324,6.236067],"to":[9.489214,3.3083324,8.236067],"faces":{"east":{"uv":[10.625,6.0,10.875,6.125],"texture":"#0","tintindex":0},"south":{"uv":[9.375,5.625,9.75,5.75],"texture":"#0","tintindex":0},"north":{"uv":[2.5,7.625,2.875,7.75],"texture":"#0","tintindex":0},"west":{"uv":[8.5,11.125,8.75,11.25],"texture":"#0","tintindex":0},"up":{"uv":[3.375,8.125,3.0,7.875],"texture":"#0","tintindex":0},"down":{"uv":[8.375,3.625,8.0,3.875],"texture":"#0","tintindex":0}}},{"from":[4.9892135,3.3083324,5.736067],"to":[10.989214,8.308332,8.736067],"faces":{"east":{"uv":[8.625,10.0,9.0,10.625],"texture":"#0","tintindex":0},"south":{"uv":[0.0,7.125,0.75,7.75],"texture":"#0","tintindex":0},"north":{"uv":[6.25,7.0,7.0,7.625],"texture":"#0","tintindex":0},"west":{"uv":[0.0,10.375,0.375,11.0],"texture":"#0","tintindex":0},"up":{"uv":[6.375,5.25,5.625,4.875],"texture":"#0","tintindex":0},"down":{"uv":[7.5,9.25,6.75,9.625],"texture":"#0","tintindex":0}}},{"from":[5.9892135,-1.6916676,5.736067],"to":[9.989214,2.3083324,8.736067],"faces":{"east":{"uv":[10.375,8.75,10.75,9.25],"texture":"#0","tintindex":0},"south":{"uv":[9.75,7.875,10.25,8.375],"texture":"#0","tintindex":0},"north":{"uv":[6.75,9.75,7.25,10.25],"texture":"#0","tintindex":0},"west":{"uv":[10.375,10.125,10.75,10.625],"texture":"#0","tintindex":0},"up":{"uv":[1.75,10.875,1.25,10.5],"texture":"#0","tintindex":0},"down":{"uv":[7.875,10.5,7.375,10.875],"texture":"#0","tintindex":0}}}],"textures":{"0":"modelengine:entity/dwarf_huntsman"}}