{"display":{"gui":{"rotation":[30.0,225.0,0.0]}},"elements":[{"from":[2.4892135,15.7250395,12.120258],"to":[13.489214,19.72504,12.120258],"rotation":{"origin":[7.9892135,18.22504,12.120258],"axis":"x","angle":22.5},"faces":{"south":{"uv":[3.5,6.25,4.875,6.75],"texture":"#0","tintindex":0},"north":{"uv":[5.625,2.75,7.0,3.25],"texture":"#0","tintindex":0}}},{"from":[3.4892135,7.861539,4.118574],"to":[12.489214,12.861539,10.118574],"faces":{"east":{"uv":[6.875,4.0,7.625,4.625],"texture":"#0","tintindex":0},"south":{"uv":[5.625,4.125,6.75,4.75],"texture":"#0","tintindex":0},"north":{"uv":[5.625,2.0,6.75,2.625],"texture":"#0","tintindex":0},"west":{"uv":[5.375,7.0,6.125,7.625],"texture":"#0","tintindex":0},"up":{"uv":[5.25,6.125,4.125,5.375],"texture":"#0","tintindex":0},"down":{"uv":[6.5,5.375,5.375,6.125],"texture":"#0","tintindex":0}}},{"from":[2.4892135,9.861539,6.368574],"to":[13.489214,14.861539,12.368574],"rotation":{"origin":[7.9892135,12.361539,9.118574],"axis":"x","angle":-22.5},"faces":{"east":{"uv":[0.875,7.125,1.625,7.75],"texture":"#0","tintindex":0},"south":{"uv":[0.0,4.75,1.375,5.375],"texture":"#0","tintindex":0},"north":{"uv":[4.125,4.625,5.5,5.25],"texture":"#0","tintindex":0},"west":{"uv":[7.125,7.0,7.875,7.625],"texture":"#0","tintindex":0},"up":{"uv":[4.375,0.75,3.0,0.0],"texture":"#0","tintindex":0},"down":{"uv":[4.375,0.875,3.0,1.625],"texture":"#0","tintindex":0}}}],"textures":{"0":"modelengine:entity/dwarf_huntsman"}}