{"display":{"gui":{"rotation":[30.0,225.0,0.0]}},"elements":[{"from":[5.9892135,3.1,4.361067],"to":[9.989214,6.1,9.361067],"faces":{"east":{"uv":[9.875,4.625,10.5,5.0],"texture":"#0","tintindex":0},"south":{"uv":[10.375,8.25,10.875,8.625],"texture":"#0","tintindex":0},"north":{"uv":[10.375,7.75,10.875,8.125],"texture":"#0","tintindex":0},"west":{"uv":[10.25,5.125,10.875,5.5],"texture":"#0","tintindex":0},"up":{"uv":[2.375,9.25,1.875,8.625],"texture":"#0","tintindex":0},"down":{"uv":[9.125,4.375,8.625,5.0],"texture":"#0","tintindex":0}}},{"from":[5.9892135,6.1,5.361067],"to":[9.989214,8.1,9.361067],"faces":{"east":{"uv":[4.25,11.375,4.75,11.625],"texture":"#0","tintindex":0},"south":{"uv":[6.75,11.375,7.25,11.625],"texture":"#0","tintindex":0},"north":{"uv":[11.25,9.25,11.75,9.5],"texture":"#0","tintindex":0},"west":{"uv":[8.5,11.375,9.0,11.625],"texture":"#0","tintindex":0},"up":{"uv":[10.25,2.0,9.75,1.5],"texture":"#0","tintindex":0},"down":{"uv":[2.625,9.75,2.125,10.25],"texture":"#0","tintindex":0}}},{"from":[5.4892135,6.1,4.861067],"to":[10.489214,8.125,9.861067],"faces":{"east":{"uv":[11.0,6.75,11.625,7.0],"texture":"#0","tintindex":0},"south":{"uv":[11.0,7.125,11.625,7.375],"texture":"#0","tintindex":0},"north":{"uv":[11.0,6.375,11.625,6.625],"texture":"#0","tintindex":0},"west":{"uv":[11.0,7.5,11.625,7.75],"texture":"#0","tintindex":0},"up":{"uv":[8.375,1.375,7.75,0.75],"texture":"#0","tintindex":0},"down":{"uv":[8.375,4.0,7.75,4.625],"texture":"#0","tintindex":0}}}],"textures":{"0":"modelengine:entity/dwarf_huntsman"}}