{"display":{"gui":{"rotation":[30.0,225.0,0.0]}},"elements":[{"from":[4.717475,4.6790085,4.696088],"to":[8.717474,8.6790085,9.696088],"faces":{"east":{"uv":[8.5,0.875,9.125,1.375],"texture":"#0","tintindex":0},"south":{"uv":[9.75,9.125,10.25,9.625],"texture":"#0","tintindex":0},"north":{"uv":[9.75,8.5,10.25,9.0],"texture":"#0","tintindex":0},"west":{"uv":[8.625,6.25,9.25,6.75],"texture":"#0","tintindex":0},"up":{"uv":[8.375,9.25,7.875,8.625],"texture":"#0","tintindex":0},"down":{"uv":[9.0,8.625,8.5,9.25],"texture":"#0","tintindex":0}}},{"from":[5.217475,3.1790085,5.196088],"to":[9.217474,8.1790085,9.196089],"faces":{"east":{"uv":[0.0,8.625,0.5,9.25],"texture":"#0","tintindex":0},"south":{"uv":[0.625,8.625,1.125,9.25],"texture":"#0","tintindex":0},"north":{"uv":[7.25,8.5,7.75,9.125],"texture":"#0","tintindex":0},"west":{"uv":[1.25,8.625,1.75,9.25],"texture":"#0","tintindex":0},"up":{"uv":[10.125,7.75,9.625,7.25],"texture":"#0","tintindex":0},"down":{"uv":[0.5,9.75,0.0,10.25],"texture":"#0","tintindex":0}}},{"from":[6.2174745,7.357071,3.838932],"to":[10.217474,10.357071,9.838932],"rotation":{"origin":[11.217474,8.857071,6.838932],"axis":"x","angle":-22.5},"faces":{"east":{"uv":[1.25,9.375,2.0,9.75],"texture":"#0","tintindex":0},"south":{"uv":[4.875,10.625,5.375,11.0],"texture":"#0","tintindex":0},"north":{"uv":[9.125,10.5,9.625,10.875],"texture":"#0","tintindex":0},"west":{"uv":[9.375,2.125,10.125,2.5],"texture":"#0","tintindex":0},"up":{"uv":[8.5,7.0,8.0,6.25],"texture":"#0","tintindex":0},"down":{"uv":[3.5,8.25,3.0,9.0],"texture":"#0","tintindex":0}}},{"from":[6.2174745,10.357071,3.838932],"to":[6.2174745,13.357071,9.838932],"rotation":{"origin":[11.217474,8.857071,6.838932],"axis":"x","angle":-22.5},"faces":{"east":{"uv":[9.375,2.625,10.125,3.0],"texture":"#0","tintindex":0},"west":{"uv":[9.375,3.125,10.125,3.5],"texture":"#0","tintindex":0}}}],"textures":{"0":"modelengine:entity/dwarf_huntsman"}}