{"display":{"gui":{"rotation":[30.0,225.0,0.0]}},"elements":[{"from":[5.9892135,3.1,4.361067],"to":[9.989214,6.1,9.361067],"faces":{"east":{"uv":[10.25,6.25,10.875,6.625],"texture":"#0","tintindex":0},"south":{"uv":[1.25,11.0,1.75,11.375],"texture":"#0","tintindex":0},"north":{"uv":[11.0,0.5,11.5,0.875],"texture":"#0","tintindex":0},"west":{"uv":[10.25,7.25,10.875,7.625],"texture":"#0","tintindex":0},"up":{"uv":[9.625,9.75,9.125,9.125],"texture":"#0","tintindex":0},"down":{"uv":[9.75,0.75,9.25,1.375],"texture":"#0","tintindex":0}}},{"from":[5.4892135,6.1,4.861067],"to":[10.489214,8.125,9.861067],"faces":{"east":{"uv":[7.75,11.125,8.375,11.375],"texture":"#0","tintindex":0},"south":{"uv":[9.625,11.125,10.25,11.375],"texture":"#0","tintindex":0},"north":{"uv":[0.0,11.125,0.625,11.375],"texture":"#0","tintindex":0},"west":{"uv":[11.0,11.125,11.625,11.375],"texture":"#0","tintindex":0},"up":{"uv":[8.625,3.5,8.0,2.875],"texture":"#0","tintindex":0},"down":{"uv":[8.625,5.5,8.0,6.125],"texture":"#0","tintindex":0}}},{"from":[5.9892135,6.1,5.361067],"to":[9.989214,8.1,9.361067],"faces":{"east":{"uv":[11.0,11.5,11.5,11.75],"texture":"#0","tintindex":0},"south":{"uv":[11.625,0.0,12.125,0.25],"texture":"#0","tintindex":0},"north":{"uv":[11.5,10.375,12.0,10.625],"texture":"#0","tintindex":0},"west":{"uv":[11.625,0.375,12.125,0.625],"texture":"#0","tintindex":0},"up":{"uv":[10.25,10.625,9.75,10.125],"texture":"#0","tintindex":0},"down":{"uv":[10.75,2.125,10.25,2.625],"texture":"#0","tintindex":0}}}],"textures":{"0":"modelengine:entity/dwarf_huntsman"}}