{"display":{"gui":{"rotation":[30.0,225.0,0.0]}},"elements":[{"from":[-1.1000004,-4.700001,2.5999994],"to":[16.9,10.299999,12.6],"faces":{"east":{"uv":[11.25,3.0625,11.875,4.0],"texture":"#1","tintindex":0},"south":{"uv":[4.75,8.0625,5.875,9.0],"texture":"#1","tintindex":0},"north":{"uv":[7.5,4.375,8.625,5.3125],"texture":"#1","tintindex":0},"west":{"uv":[11.3125,6.625,11.9375,7.5625],"texture":"#1","tintindex":0},"up":{"uv":[6.1875,11.625,5.0625,11.0],"texture":"#1","tintindex":0},"down":{"uv":[11.4375,11.0,10.3125,11.625],"texture":"#1","tintindex":0}}}],"textures":{"1":"modelengine:entity/darkershell"}}