{"display":{"gui":{"rotation":[30.0,225.0,0.0]}},"elements":[{"from":[1.1000004,-7.0,3.8000002],"to":[14.1,8.0,13.8],"faces":{"east":{"uv":[8.5625,11.5,9.1875,12.4375],"texture":"#1","tintindex":0},"south":{"uv":[4.25,11.0,5.0625,11.9375],"texture":"#1","tintindex":0},"north":{"uv":[3.4375,10.75,4.25,11.6875],"texture":"#1","tintindex":0},"west":{"uv":[9.1875,11.5,9.8125,12.4375],"texture":"#1","tintindex":0},"up":{"uv":[10.625,12.25,9.8125,11.625],"texture":"#1","tintindex":0},"down":{"uv":[11.4375,11.625,10.625,12.25],"texture":"#1","tintindex":0}}}],"textures":{"1":"modelengine:entity/darkershell"}}