{"display":{"gui":{"rotation":[30.0,225.0,0.0]}},"elements":[{"from":[3.7999992,-7.199997,4.8],"to":[10.799999,7.800003,11.8],"faces":{"east":{"uv":[0.875,11.8125,0.4375,12.75],"texture":"#1","tintindex":0},"south":{"uv":[0.4375,11.8125,0.0,12.75],"texture":"#1","tintindex":0},"north":{"uv":[4.1875,11.6875,3.75,12.625],"texture":"#1","tintindex":0},"west":{"uv":[12.125,4.0,11.6875,4.9375],"texture":"#1","tintindex":0},"up":{"uv":[11.9375,8.75,12.375,8.3125],"texture":"#1","tintindex":0},"down":{"uv":[11.9375,8.75,12.375,9.1875],"texture":"#1","tintindex":0}}}],"textures":{"1":"modelengine:entity/darkershell"}}