{"display":{"gui":{"rotation":[30.0,225.0,0.0]}},"elements":[{"from":[4.1000004,-7.0,4.799999],"to":[11.1,8.0,11.799999],"faces":{"east":{"uv":[11.6875,4.0,12.125,4.9375],"texture":"#1","tintindex":0},"south":{"uv":[0.0,11.8125,0.4375,12.75],"texture":"#1","tintindex":0},"north":{"uv":[3.75,11.6875,4.1875,12.625],"texture":"#1","tintindex":0},"west":{"uv":[0.4375,11.8125,0.875,12.75],"texture":"#1","tintindex":0},"up":{"uv":[12.375,8.75,11.9375,8.3125],"texture":"#1","tintindex":0},"down":{"uv":[12.375,8.75,11.9375,9.1875],"texture":"#1","tintindex":0}}}],"textures":{"1":"modelengine:entity/darkershell"}}