{"display":{"gui":{"rotation":[30.0,225.0,0.0]}},"elements":[{"from":[3.3999996,-7.0,4.799999],"to":[13.4,8.0,12.799999],"faces":{"east":{"uv":[2.75,11.6875,2.25,12.625],"texture":"#1","tintindex":0},"south":{"uv":[11.9375,8.5,11.3125,9.4375],"texture":"#1","tintindex":0},"north":{"uv":[11.9375,7.5625,11.3125,8.5],"texture":"#1","tintindex":0},"west":{"uv":[2.25,11.6875,1.75,12.625],"texture":"#1","tintindex":0},"up":{"uv":[7.5625,12.375,8.1875,11.875],"texture":"#1","tintindex":0},"down":{"uv":[4.1875,11.9375,4.8125,12.4375],"texture":"#1","tintindex":0}}}],"textures":{"1":"modelengine:entity/darkershell"}}