{"display":{"gui":{"rotation":[30.0,225.0,0.0]}},"elements":[{"from":[1.9000001,-6.0,4.799999],"to":[14.9,9.0,14.799999],"faces":{"east":{"uv":[12.0,0.0,11.375,0.9375],"texture":"#1","tintindex":0},"south":{"uv":[3.4375,10.75,2.625,11.6875],"texture":"#1","tintindex":0},"north":{"uv":[2.625,10.75,1.8125,11.6875],"texture":"#1","tintindex":0},"west":{"uv":[11.9375,9.4375,11.3125,10.375],"texture":"#1","tintindex":0},"up":{"uv":[0.9375,12.25,1.75,11.625],"texture":"#1","tintindex":0},"down":{"uv":[5.0625,11.625,5.875,12.25],"texture":"#1","tintindex":0}}}],"textures":{"1":"modelengine:entity/darkershell"}}