{"display":{"gui":{"rotation":[30.0,225.0,0.0]}},"elements":[{"from":[1.9000001,-7.0,3.7999992],"to":[14.9,8.0,13.799999],"faces":{"east":{"uv":[9.8125,11.5,9.1875,12.4375],"texture":"#1","tintindex":0},"south":{"uv":[5.0625,11.0,4.25,11.9375],"texture":"#1","tintindex":0},"north":{"uv":[4.25,10.75,3.4375,11.6875],"texture":"#1","tintindex":0},"west":{"uv":[9.1875,11.5,8.5625,12.4375],"texture":"#1","tintindex":0},"up":{"uv":[9.8125,12.25,10.625,11.625],"texture":"#1","tintindex":0},"down":{"uv":[10.625,11.625,11.4375,12.25],"texture":"#1","tintindex":0}}}],"textures":{"1":"modelengine:entity/darkershell"}}