{"display":{"gui":{"rotation":[30.0,225.0,0.0]}},"elements":[{"from":[1.0999999,-6.0,4.799999],"to":[14.1,9.0,14.799999],"faces":{"east":{"uv":[11.3125,9.4375,11.9375,10.375],"texture":"#1","tintindex":0},"south":{"uv":[2.625,10.75,3.4375,11.6875],"texture":"#1","tintindex":0},"north":{"uv":[1.8125,10.75,2.625,11.6875],"texture":"#1","tintindex":0},"west":{"uv":[11.375,0.0,12.0,0.9375],"texture":"#1","tintindex":0},"up":{"uv":[1.75,12.25,0.9375,11.625],"texture":"#1","tintindex":0},"down":{"uv":[5.875,11.625,5.0625,12.25],"texture":"#1","tintindex":0}}}],"textures":{"1":"modelengine:entity/darkershell"}}