{"display":{"gui":{"rotation":[30.0,225.0,0.0]}},"elements":[{"from":[3.3999996,-7.0,4.799999],"to":[13.4,8.0,12.799999],"faces":{"east":{"uv":[3.75,11.6875,3.25,12.625],"texture":"#1","tintindex":0},"south":{"uv":[12.0625,11.3125,11.4375,12.25],"texture":"#1","tintindex":0},"north":{"uv":[12.0625,10.375,11.4375,11.3125],"texture":"#1","tintindex":0},"west":{"uv":[3.25,11.6875,2.75,12.625],"texture":"#1","tintindex":0},"up":{"uv":[11.9375,7.125,12.5625,6.625],"texture":"#1","tintindex":0},"down":{"uv":[11.9375,7.125,12.5625,7.625],"texture":"#1","tintindex":0}}}],"textures":{"1":"modelengine:entity/darkershell"}}