{"display":{"thirdperson_righthand":{"translation":[0.0,9.0,1.25]},"thirdperson_lefthand":{"translation":[0.0,9.0,1.25]},"firstperson_righthand":{"rotation":[-10.0,9.0,6.37],"translation":[6.5,1.75,-7.0],"scale":[0.82578,0.82578,0.82578]},"firstperson_lefthand":{"rotation":[-10.0,9.0,6.37],"translation":[6.5,1.75,-7.0],"scale":[0.82578,0.82578,0.82578]},"ground":{"rotation":[0.0,-3.0,-66.0],"translation":[2.25,2.25,0.0],"scale":[0.55,0.55,0.55]},"gui":{"rotation":[90.0,-137.0,90.0],"translation":[0.5,-0.5,-2.0],"scale":[0.6,0.6,0.6]},"head":{"scale":[0.0,0.0,0.0]},"fixed":{"rotation":[-90.0,-90.0,-90.0],"translation":[0.25,-1.0,-2.5],"scale":[1.42297,1.42297,1.42297]}},"elements":[{"from":[7.0,-4.69759,18.69759],"to":[9.0,-2.69759,20.69759],"rotation":{"origin":[8.0,8.0,8.0],"axis":"x","angle":45.0},"faces":{"north":{"uv":[10.33333,3.66667,11.0,4.33333],"texture":"#1"},"east":{"uv":[10.33333,7.33333,11.0,8.0],"texture":"#1"},"south":{"uv":[9.0,10.33333,9.66667,11.0],"texture":"#1"},"west":{"uv":[10.66667,0.0,11.33333,0.66667],"texture":"#1"},"up":{"uv":[11.33333,1.33333,10.66667,0.66667],"texture":"#1"},"down":{"uv":[11.33333,1.33333,10.66667,2.0],"texture":"#1"}}},{"from":[6.75,-4.19759,19.19759],"to":[9.25,-3.19759,20.19759],"rotation":{"origin":[8.0,8.0,8.0],"axis":"x","angle":45.0},"faces":{"north":{"uv":[11.66667,4.0,12.5,4.33333],"texture":"#1"},"east":{"uv":[8.0,6.33333,8.33333,6.66667],"texture":"#1"},"south":{"uv":[11.66667,9.0,12.5,9.33333],"texture":"#1"},"west":{"uv":[9.66667,8.0,10.0,8.33333],"texture":"#1"},"up":{"uv":[12.5,9.66667,11.66667,9.33333],"texture":"#1"},"down":{"uv":[12.5,9.66667,11.66667,10.0],"texture":"#1"}}},{"from":[7.25,-8.54289,7.25],"to":[8.75,-5.54289,8.75],"rotation":{"origin":[8.0,8.0,8.0],"axis":"y","angle":0.0},"faces":{"north":{"uv":[2.33333,10.0,2.83333,11.0],"texture":"#1"},"east":{"uv":[3.0,10.33333,3.5,11.33333],"texture":"#1"},"south":{"uv":[10.33333,5.33333,10.83333,6.33333],"texture":"#1"},"west":{"uv":[10.33333,6.33333,10.83333,7.33333],"texture":"#1"},"up":{"uv":[9.16667,12.16667,8.66667,11.66667],"texture":"#1"},"down":{"uv":[12.5,0.66667,12.0,1.16667],"texture":"#1"}}},{"from":[7.25,-0.04289,7.25],"to":[8.75,1.45711,8.75],"rotation":{"origin":[8.0,8.0,8.0],"axis":"y","angle":0.0},"faces":{"north":{"uv":[1.0,12.0,1.5,12.5],"texture":"#1"},"east":{"uv":[12.0,1.33333,12.5,1.83333],"texture":"#1"},"south":{"uv":[1.66667,12.0,2.16667,12.5],"texture":"#1"},"west":{"uv":[12.0,2.33333,12.5,2.83333],"texture":"#1"},"up":{"uv":[3.5,12.5,3.0,12.0],"texture":"#1"},"down":{"uv":[12.5,3.0,12.0,3.5],"texture":"#1"}}},{"from":[7.0,1.45711,7.0],"to":[9.0,3.45711,9.0],"rotation":{"origin":[8.0,8.0,8.0],"axis":"y","angle":0.0},"faces":{"north":{"uv":[10.66667,4.33333,11.33333,5.0],"texture":"#1"},"east":{"uv":[8.0,10.66667,8.66667,11.33333],"texture":"#1"},"south":{"uv":[9.66667,10.66667,10.33333,11.33333],"texture":"#1"},"west":{"uv":[10.33333,10.66667,11.0,11.33333],"texture":"#1"},"up":{"uv":[3.0,11.66667,2.33333,11.0],"texture":"#1"},"down":{"uv":[4.33333,11.0,3.66667,11.66667],"texture":"#1"}}},{"from":[7.25,2.45711,5.5],"to":[8.75,4.45711,10.5],"rotation":{"origin":[8.0,8.0,8.0],"axis":"y","angle":0.0},"faces":{"north":{"uv":[8.66667,11.0,9.16667,11.66667],"texture":"#1"},"east":{"uv":[3.0,8.66667,4.66667,9.33333],"texture":"#1"},"south":{"uv":[11.0,9.0,11.5,9.66667],"texture":"#1"},"west":{"uv":[8.66667,3.66667,10.33333,4.33333],"texture":"#1"},"up":{"uv":[8.5,10.66667,8.0,9.0],"texture":"#1"},"down":{"uv":[4.5,9.33333,4.0,11.0],"texture":"#1"}}},{"from":[7.25,1.58084,4.58103],"to":[8.75,3.58084,6.58103],"rotation":{"origin":[8.0,8.0,8.0],"axis":"x","angle":22.5},"faces":{"north":{"uv":[11.0,9.66667,11.5,10.33333],"texture":"#1"},"east":{"uv":[11.0,3.66667,11.66667,4.33333],"texture":"#1"},"south":{"uv":[11.0,10.33333,11.5,11.0],"texture":"#1"},"west":{"uv":[11.0,5.0,11.66667,5.66667],"texture":"#1"},"up":{"uv":[11.5,11.66667,11.0,11.0],"texture":"#1"},"down":{"uv":[11.83333,0.0,11.33333,0.66667],"texture":"#1"}}},{"from":[7.35,5.87854,1.04339],"to":[8.65,7.87854,2.54339],"rotation":{"origin":[8.0,8.0,8.0],"axis":"x","angle":-22.5},"faces":{"north":{"uv":[11.33333,0.66667,11.83333,1.33333],"texture":"#1"},"east":{"uv":[1.0,11.33333,1.5,12.0],"texture":"#1"},"south":{"uv":[11.33333,1.33333,11.83333,2.0],"texture":"#1"},"west":{"uv":[1.66667,11.33333,2.16667,12.0],"texture":"#1"},"up":{"uv":[12.5,4.83333,12.0,4.33333],"texture":"#1"},"down":{"uv":[12.5,5.0,12.0,5.5],"texture":"#1"}}},{"from":[7.45,5.97854,0.04339],"to":[8.55,7.77854,1.04339],"rotation":{"origin":[8.0,8.0,8.0],"axis":"x","angle":-22.5},"faces":{"north":{"uv":[12.33333,12.33333,12.66667,13.0],"texture":"#1"},"east":{"uv":[12.66667,0.66667,13.0,1.33333],"texture":"#1"},"south":{"uv":[1.0,12.66667,1.33333,13.33333],"texture":"#1"},"west":{"uv":[1.33333,12.66667,1.66667,13.33333],"texture":"#1"},"up":{"uv":[9.66667,11.33333,9.33333,11.0],"texture":"#1"},"down":{"uv":[12.33333,11.66667,12.0,12.0],"texture":"#1"}}},{"from":[7.25,1.58084,9.41897],"to":[8.75,3.58084,11.41897],"rotation":{"origin":[8.0,8.0,8.0],"axis":"x","angle":-22.5},"faces":{"north":{"uv":[11.5,10.33333,11.0,11.0],"texture":"#1"},"east":{"uv":[11.66667,3.66667,11.0,4.33333],"texture":"#1"},"south":{"uv":[11.5,9.66667,11.0,10.33333],"texture":"#1"},"west":{"uv":[11.66667,5.0,11.0,5.66667],"texture":"#1"},"up":{"uv":[11.5,11.0,11.0,11.66667],"texture":"#1"},"down":{"uv":[11.83333,0.66667,11.33333,0.0],"texture":"#1"}}},{"from":[7.35,5.87854,13.45661],"to":[8.65,7.87854,14.95661],"rotation":{"origin":[8.0,8.0,8.0],"axis":"x","angle":22.5},"faces":{"north":{"uv":[11.83333,1.33333,11.33333,2.0],"texture":"#1"},"east":{"uv":[1.5,11.33333,1.0,12.0],"texture":"#1"},"south":{"uv":[11.83333,0.66667,11.33333,1.33333],"texture":"#1"},"west":{"uv":[2.16667,11.33333,1.66667,12.0],"texture":"#1"},"up":{"uv":[12.5,4.33333,12.0,4.83333],"texture":"#1"},"down":{"uv":[12.5,5.5,12.0,5.0],"texture":"#1"}}},{"from":[7.45,5.97854,14.95661],"to":[8.55,7.77854,15.95661],"rotation":{"origin":[8.0,8.0,8.0],"axis":"x","angle":22.5},"faces":{"north":{"uv":[1.33333,12.66667,1.0,13.33333],"texture":"#1"},"east":{"uv":[13.0,0.66667,12.66667,1.33333],"texture":"#1"},"south":{"uv":[12.66667,12.33333,12.33333,13.0],"texture":"#1"},"west":{"uv":[1.66667,12.66667,1.33333,13.33333],"texture":"#1"},"up":{"uv":[9.66667,11.0,9.33333,11.33333],"texture":"#1"},"down":{"uv":[12.33333,12.0,12.0,11.66667],"texture":"#1"}}},{"from":[7.5,2.70711,4.25],"to":[8.5,4.20711,11.75],"rotation":{"origin":[8.0,8.0,8.0],"axis":"y","angle":0.0},"faces":{"north":{"uv":[4.0,12.66667,4.33333,13.16667],"texture":"#1"},"east":{"uv":[8.66667,2.33333,11.16667,2.83333],"texture":"#1"},"south":{"uv":[12.66667,4.33333,13.0,4.83333],"texture":"#1"},"west":{"uv":[8.66667,3.0,11.16667,3.5],"texture":"#1"},"up":{"uv":[8.33333,4.83333,8.0,2.33333],"texture":"#1"},"down":{"uv":[5.33333,8.66667,5.0,11.16667],"texture":"#1"}}},{"from":[7.35,1.70711,6.0],"to":[8.65,2.45711,10.0],"rotation":{"origin":[8.0,8.0,8.0],"axis":"y","angle":0.0},"faces":{"north":{"uv":[12.66667,5.0,13.16667,5.33333],"texture":"#1"},"east":{"uv":[9.0,2.0,10.33333,2.33333],"texture":"#1"},"south":{"uv":[12.66667,5.33333,13.16667,5.66667],"texture":"#1"},"west":{"uv":[10.33333,2.0,11.66667,2.33333],"texture":"#1"},"up":{"uv":[1.5,11.33333,1.0,10.0],"texture":"#1"},"down":{"uv":[2.16667,10.0,1.66667,11.33333],"texture":"#1"}}},{"from":[7.6,0.95711,6.5],"to":[8.4,1.70711,9.5],"rotation":{"origin":[8.0,8.0,8.0],"axis":"y","angle":0.0},"faces":{"north":{"uv":[12.66667,7.66667,13.0,8.0],"texture":"#1"},"east":{"uv":[11.66667,2.0,12.66667,2.33333],"texture":"#1"},"south":{"uv":[8.0,12.66667,8.33333,13.0],"texture":"#1"},"west":{"uv":[11.66667,3.66667,12.66667,4.0],"texture":"#1"},"up":{"uv":[5.33333,12.33333,5.0,11.33333],"texture":"#1"},"down":{"uv":[11.0,11.33333,10.66667,12.33333],"texture":"#1"}}},{"from":[6.75,3.78769,10.21231],"to":[9.25,5.78769,12.21231],