{"display":{"thirdperson_righthand":{"translation":[0.0,4.25,1.25]},"thirdperson_lefthand":{"translation":[0.0,4.25,1.25]},"firstperson_righthand":{"rotation":[-10.0,9.0,6.37],"translation":[9.25,-4.0,-7.0],"scale":[0.82578,0.82578,0.82578]},"firstperson_lefthand":{"rotation":[-10.0,9.0,6.37],"translation":[9.25,-4.0,-7.0],"scale":[0.82578,0.82578,0.82578]},"ground":{"rotation":[0.0,0.0,-90.0],"translation":[2.25,2.25,0.0],"scale":[0.55,0.55,0.55]},"gui":{"rotation":[90.0,52.0,-97.0],"translation":[0.5,-2.25,-2.0],"scale":[0.6,0.6,0.6]},"head":{"scale":[0.0,0.0,0.0]},"fixed":{"rotation":[-90.0,-90.0,-90.0],"translation":[-0.25,-3.75,-2.5],"scale":[1.255,1.255,1.255]}},"elements":[{"from":[7.0,-4.69759,18.69759],"to":[9.0,-2.69759,20.69759],"rotation":{"origin":[8.0,8.0,8.0],"axis":"x","angle":45.0},"faces":{"north":{"uv":[10.33333,11.66667,11.0,12.33333],"texture":"#2"},"east":{"uv":[11.0,11.66667,11.66667,12.33333],"texture":"#2"},"south":{"uv":[11.66667,11.0,12.33333,11.66667],"texture":"#2"},"west":{"uv":[11.66667,11.66667,12.33333,12.33333],"texture":"#2"},"up":{"uv":[12.66667,3.0,12.0,2.33333],"texture":"#2"},"down":{"uv":[12.66667,3.0,12.0,3.66667],"texture":"#2"}}},{"from":[6.75,-4.19759,19.19759],"to":[9.25,-3.19759,20.19759],"rotation":{"origin":[8.0,8.0,8.0],"axis":"x","angle":45.0},"faces":{"north":{"uv":[6.33333,9.0,7.16667,9.33333],"texture":"#2"},"east":{"uv":[9.66667,8.33333,10.0,8.66667],"texture":"#2"},"south":{"uv":[12.66667,4.33333,13.5,4.66667],"texture":"#2"},"west":{"uv":[10.0,9.33333,10.33333,9.66667],"texture":"#2"},"up":{"uv":[5.5,13.0,4.66667,12.66667],"texture":"#2"},"down":{"uv":[13.5,4.66667,12.66667,5.0],"texture":"#2"}}},{"from":[7.25,-8.54289,7.25],"to":[8.75,-5.54289,8.75],"rotation":{"origin":[8.0,8.0,8.0],"axis":"y","angle":0.0},"faces":{"north":{"uv":[8.33333,11.0,8.83333,12.0],"texture":"#2"},"east":{"uv":[11.33333,2.33333,11.83333,3.33333],"texture":"#2"},"south":{"uv":[11.33333,3.33333,11.83333,4.33333],"texture":"#2"},"west":{"uv":[3.66667,11.33333,4.16667,12.33333],"texture":"#2"},"up":{"uv":[6.5,13.16667,6.0,12.66667],"texture":"#2"},"down":{"uv":[7.16667,12.66667,6.66667,13.16667],"texture":"#2"}}},{"from":[7.25,-4.54289,7.25],"to":[8.75,-1.54289,8.75],"rotation":{"origin":[8.0,8.0,8.0],"axis":"y","angle":0.0},"faces":{"north":{"uv":[11.33333,4.33333,11.83333,5.33333],"texture":"#2"},"east":{"uv":[11.33333,5.33333,11.83333,6.33333],"texture":"#2"},"south":{"uv":[11.33333,6.33333,11.83333,7.33333],"texture":"#2"},"west":{"uv":[11.33333,7.33333,11.83333,8.33333],"texture":"#2"},"up":{"uv":[13.16667,7.16667,12.66667,6.66667],"texture":"#2"},"down":{"uv":[7.83333,12.66667,7.33333,13.16667],"texture":"#2"}}},{"from":[7.15,-6.29289,7.15],"to":[8.85,-5.79289,8.85],"rotation":{"origin":[8.0,8.0,8.0],"axis":"y","angle":0.0},"faces":{"north":{"uv":[13.0,4.0,13.5,4.16667],"texture":"#2"},"east":{"uv":[13.0,6.33333,13.5,6.5],"texture":"#2"},"south":{"uv":[6.0,13.33333,6.5,13.5],"texture":"#2"},"west":{"uv":[6.66667,13.33333,7.16667,13.5],"texture":"#2"},"up":{"uv":[13.16667,7.83333,12.66667,7.33333],"texture":"#2"},"down":{"uv":[8.5,12.66667,8.0,13.16667],"texture":"#2"}}},{"from":[7.15,11.70711,7.15],"to":[8.85,12.20711,8.85],"rotation":{"origin":[8.0,8.0,8.0],"axis":"y","angle":0.0},"faces":{"north":{"uv":[13.33333,6.66667,13.83333,6.83333],"texture":"#2"},"east":{"uv":[13.33333,7.0,13.83333,7.16667],"texture":"#2"},"south":{"uv":[7.33333,13.33333,7.83333,13.5],"texture":"#2"},"west":{"uv":[13.33333,7.33333,13.83333,7.5],"texture":"#2"},"up":{"uv":[13.16667,8.5,12.66667,8.0],"texture":"#2"},"down":{"uv":[13.16667,8.66667,12.66667,9.16667],"texture":"#2"}}},{"from":[7.35,-5.54289,7.35],"to":[8.65,12.45711,8.65],"rotation":{"origin":[8.0,8.0,8.0],"axis":"y","angle":0.0},"faces":{"north":{"uv":[0.0,6.66667,0.5,12.66667],"texture":"#2"},"east":{"uv":[6.66667,0.0,7.16667,6.0],"texture":"#2"},"south":{"uv":[0.66667,6.66667,1.16667,12.66667],"texture":"#2"},"west":{"uv":[1.33333,6.66667,1.83333,12.66667],"texture":"#2"},"up":{"uv":[13.16667,9.83333,12.66667,9.33333],"texture":"#2"},"down":{"uv":[13.16667,10.0,12.66667,10.5],"texture":"#2"}}},{"from":[7.15,-8.54289,7.15],"to":[8.85,-7.04289,8.85],"rotation":{"origin":[8.0,8.0,8.0],"axis":"y","angle":0.0},"faces":{"north":{"uv":[12.66667,10.66667,13.16667,11.16667],"texture":"#2"},"east":{"uv":[13.0,0.0,13.5,0.5],"texture":"#2"},"south":{"uv":[13.0,1.33333,13.5,1.83333],"texture":"#2"},"west":{"uv":[13.0,2.0,13.5,2.5],"texture":"#2"},"up":{"uv":[13.5,3.16667,13.0,2.66667],"texture":"#2"},"down":{"uv":[13.5,3.33333,13.0,3.83333],"texture":"#2"}}},{"from":[7.5,17.17031,6.25],"to":[8.5,18.67031,9.75],"rotation":{"origin":[8.0,21.67031,8.0],"axis":"y","angle":0.0},"faces":{"north":{"uv":[13.0,5.66667,13.33333,6.16667],"texture":"#2"},"east":{"uv":[10.33333,11.0,11.5,11.5],"texture":"#2"},"south":{"uv":[11.66667,13.0,12.0,13.5],"texture":"#2"},"west":{"uv":[11.0,10.33333,12.16667,10.83333],"texture":"#2"},"up":{"uv":[4.33333,13.5,4.0,12.33333],"texture":"#2"},"down":{"uv":[10.66667,12.33333,10.33333,13.5],"texture":"#2"}}},{"from":[7.6,18.18808,3.79289],"to":[8.4,19.68808,7.29289],"rotation":{"origin":[8.0,18.93808,5.54289],"axis":"x","angle":45.0},"faces":{"north":{"uv":[12.0,13.0,12.33333,13.5],"texture":"#2"},"east":{"uv":[11.33333,1.0,12.5,1.5],"texture":"#2"},"south":{"uv":[12.33333,13.0,12.66667,13.5],"texture":"#2"},"west":{"uv":[11.33333,1.66667,12.5,2.16667],"texture":"#2"},"up":{"uv":[12.66667,11.5,12.33333,10.33333],"texture":"#2"},"down":{"uv":[11.0,12.33333,10.66667,13.5],"texture":"#2"}}},{"from":[7.25,12.17031,7.25],"to":[8.75,16.67031,8.75],"rotation":{"origin":[8.0,21.67031,8.0],"axis":"y","angle":0.0},"faces":{"north":{"uv":[7.0,10.33333,7.5,11.83333],"texture":"#2"},"east":{"uv":[10.33333,9.33333,10.83333,10.83333],"texture":"#2"},"south":{"uv":[10.66667,1.0,11.16667,2.5],"texture":"#2"},"west":{"uv":[10.66667,2.66667,11.16667,4.16667],"texture":"#2"},"up":{"uv":[5.16667,13.5,4.66667,13.0],"texture":"#2"},"down":{"uv":[13.5,5.0,13.0,5.5],"texture":"#2"}}},{"from":[7.0,23.17031,7.0],"to":[9.0,24.67031,9.0],"rotation":{"origin":[8.0,21.67031,8.0],"axis":"y","angle":0.0},"faces":{"north":{"uv":[11.66667,12.33333,12.33333,12.83333],"texture":"#2"},"east":{"uv":[12.33333,11.66667,13.0,12.16667],"texture":"#2"},"south":{"uv":[12.33333,12.33333,13.0,12.83333],"texture":"#2"},"west":{"uv":[0.0,12.66667,0.66667,13.16667],"texture":"#2"},"up":{"uv":[12.66667,4.33333,12.0,3.66667],"texture":"#2"},"down":{"uv":[5.0,12.0,4.33333,12.66667],"texture":"#2"}}},{"from":[7.75,24.67031,7.75],"to":[8.25,27.17031,8.25],"rotation":{"origin":[8.0,21.67031,8.0],"axis":"y","angle":0.0},"faces":{"north":{"uv":[0.0,13.33333,0.16667,14.16667],"texture":"#2"},"east":{"uv":[0.33333,13.33333,0.5,14.16667],"texture":"#2"},"south":{"uv":[0.66667,13.33333,0.83333,14.16667],"texture":"#2"},"west":{"uv":[1.0,13.33333,1.16667,14.16667],"texture":"#2"},"up":{"uv":[12.5,0.83333,12.33333,0.66667],"texture":"#2"},"down":{"uv":[12.83333,11.33333,12.66667,11.5],"texture":"#2"}}},{"from":[8.0,24.67031,6.75],"to":[8.0,29.67031,9.25],"rotation":{"origin":[8.0,21.67031,8.0],"axis":"y","angle":0.0},"faces":{"north":{"uv":[0.0,0.0,0.0,1.66667],"texture":"#2"},"east":{"uv":[4.33333,9.0,5.16667,10.66667],"texture":"#2"},"south":{"uv":[0.0,0.0,0.0,1.66667],"texture":"#2"},"west":{"uv":[5.33333,9.0,6.16667,10.66667],"texture":"#2"},"up":{"uv":[0.0,0.83333,0.0,0.0],"texture":"#2"},"down":{"uv":[0.0,0.0,0.0,0.83333],"texture":"#2"}}},{"from":[6.75,24.67031,8.0],"to":[9.25,29.67031,8.0],"rotation":{"origin":[8.0,27.17031,8.0],"axis":"y","angle":0.0},"faces":{"north":{"uv":[4.33333,9.0,5.16667,10.66667],"texture":"#2"},"east":{"uv":[0.0,0.0,0.0,1.66667],"texture":"#2"},"south":{"uv":[5.33333,9.0,6.16667,10.66667],"texture":"#2"},"west":{"uv":[0.0,0.0,0.0,1.66667],"texture":"#2"},"up":{"uv":[0.0,0.83333,0.0,0.0],"texture":"#2","rotation":270},"down":{"uv":[0.0,0.0,0.0,0.83333],"texture":"#2",