{"display":{"thirdperson_righthand":{"translation":[0.0,3.25,1.25]},"thirdperson_lefthand":{"translation":[0.0,3.25,1.25]},"firstperson_righthand":{"rotation":[-10.0,-9.0,6.37],"translation":[13.25,-5.5,-9.0],"scale":[0.9586,0.9586,0.9586]},"firstperson_lefthand":{"rotation":[-10.0,-9.0,6.37],"translation":[13.25,-5.5,-9.0],"scale":[0.9586,0.9586,0.9586]},"ground":{"rotation":[0.0,0.0,-90.0],"translation":[-0.25,2.25,0.0],"scale":[0.62227,0.62227,0.62227]},"gui":{"rotation":[90.0,-122.0,91.0],"translation":[-1.25,-1.75,-0.75],"scale":[0.6,0.6,0.6]},"head":{"scale":[0.0,0.0,0.0]},"fixed":{"rotation":[-90.0,-90.0,-90.0],"translation":[-0.25,-3.5,-2.5],"scale":[1.555,1.555,1.555]}},"elements":[{"from":[7.0,-4.69759,18.69759],"to":[9.0,-2.69759,20.69759],"rotation":{"origin":[8.0,8.0,8.0],"axis":"x","angle":45.0},"faces":{"north":{"uv":[11.33333,12.0,12.0,12.66667],"texture":"#2"},"east":{"uv":[12.0,11.33333,12.66667,12.0],"texture":"#2"},"south":{"uv":[12.0,12.0,12.66667,12.66667],"texture":"#2"},"west":{"uv":[12.33333,8.66667,13.0,9.33333],"texture":"#2"},"up":{"uv":[13.0,10.0,12.33333,9.33333],"texture":"#2"},"down":{"uv":[13.0,10.0,12.33333,10.66667],"texture":"#2"}}},{"from":[6.75,-4.19759,19.19759],"to":[9.25,-3.19759,20.19759],"rotation":{"origin":[8.0,8.0,8.0],"axis":"x","angle":45.0},"faces":{"north":{"uv":[8.66667,13.33333,9.5,13.66667],"texture":"#2"},"east":{"uv":[12.66667,13.33333,13.0,13.66667],"texture":"#2"},"south":{"uv":[13.33333,8.66667,14.16667,9.0],"texture":"#2"},"west":{"uv":[1.0,13.66667,1.33333,14.0],"texture":"#2"},"up":{"uv":[14.16667,9.33333,13.33333,9.0],"texture":"#2"},"down":{"uv":[0.83333,13.66667,0.0,14.0],"texture":"#2"}}},{"from":[7.25,-8.54289,7.25],"to":[8.75,-5.54289,8.75],"rotation":{"origin":[8.0,8.0,8.0],"axis":"y","angle":0.0},"faces":{"north":{"uv":[12.0,4.0,12.5,5.0],"texture":"#2"},"east":{"uv":[6.66667,12.0,7.16667,13.0],"texture":"#2"},"south":{"uv":[7.33333,12.0,7.83333,13.0],"texture":"#2"},"west":{"uv":[8.0,12.0,8.5,13.0],"texture":"#2"},"up":{"uv":[14.16667,0.5,13.66667,0.0],"texture":"#2"},"down":{"uv":[14.16667,0.66667,13.66667,1.16667],"texture":"#2"}}},{"from":[7.25,-4.54289,7.25],"to":[8.75,-1.54289,8.75],"rotation":{"origin":[8.0,8.0,8.0],"axis":"y","angle":0.0},"faces":{"north":{"uv":[8.66667,12.0,9.16667,13.0],"texture":"#2"},"east":{"uv":[9.33333,12.0,9.83333,13.0],"texture":"#2"},"south":{"uv":[10.0,12.0,10.5,13.0],"texture":"#2"},"west":{"uv":[10.66667,12.0,11.16667,13.0],"texture":"#2"},"up":{"uv":[14.16667,5.5,13.66667,5.0],"texture":"#2"},"down":{"uv":[14.16667,5.66667,13.66667,6.16667],"texture":"#2"}}},{"from":[7.15,-6.29289,7.15],"to":[8.85,-5.79289,8.85],"rotation":{"origin":[8.0,8.0,8.0],"axis":"y","angle":0.0},"faces":{"north":{"uv":[2.0,14.0,2.5,14.16667],"texture":"#2"},"east":{"uv":[14.0,2.33333,14.5,2.5],"texture":"#2"},"south":{"uv":[2.66667,14.0,3.16667,14.16667],"texture":"#2"},"west":{"uv":[14.0,2.66667,14.5,2.83333],"texture":"#2"},"up":{"uv":[14.16667,6.83333,13.66667,6.33333],"texture":"#2"},"down":{"uv":[14.16667,7.66667,13.66667,8.16667],"texture":"#2"}}},{"from":[7.15,11.70711,7.15],"to":[8.85,12.20711,8.85],"rotation":{"origin":[8.0,8.0,8.0],"axis":"y","angle":0.0},"faces":{"north":{"uv":[14.0,3.0,14.5,3.16667],"texture":"#2"},"east":{"uv":[3.33333,14.0,3.83333,14.16667],"texture":"#2"},"south":{"uv":[14.0,3.33333,14.5,3.5],"texture":"#2"},"west":{"uv":[14.0,3.66667,14.5,3.83333],"texture":"#2"},"up":{"uv":[9.16667,14.16667,8.66667,13.66667],"texture":"#2"},"down":{"uv":[9.83333,13.66667,9.33333,14.16667],"texture":"#2"}}},{"from":[7.35,-5.54289,7.35],"to":[8.65,12.45711,8.65],"rotation":{"origin":[8.0,8.0,8.0],"axis":"y","angle":0.0},"faces":{"north":{"uv":[4.0,8.0,4.5,14.0],"texture":"#2"},"east":{"uv":[4.66667,8.0,5.16667,14.0],"texture":"#2"},"south":{"uv":[5.33333,8.0,5.83333,14.0],"texture":"#2"},"west":{"uv":[6.0,8.0,6.5,14.0],"texture":"#2"},"up":{"uv":[14.16667,10.16667,13.66667,9.66667],"texture":"#2"},"down":{"uv":[10.5,13.66667,10.0,14.16667],"texture":"#2"}}},{"from":[7.15,-8.54289,7.15],"to":[8.85,-7.04289,8.85],"rotation":{"origin":[8.0,8.0,8.0],"axis":"y","angle":0.0},"faces":{"north":{"uv":[13.66667,10.33333,14.16667,10.83333],"texture":"#2"},"east":{"uv":[13.66667,11.0,14.16667,11.5],"texture":"#2"},"south":{"uv":[13.66667,11.66667,14.16667,12.16667],"texture":"#2"},"west":{"uv":[13.66667,12.33333,14.16667,12.83333],"texture":"#2"},"up":{"uv":[13.16667,14.16667,12.66667,13.66667],"texture":"#2"},"down":{"uv":[14.16667,13.0,13.66667,13.5],"texture":"#2"}}},{"from":[7.5,17.17031,6.25],"to":[8.5,18.67031,9.75],"rotation":{"origin":[8.0,21.67031,8.0],"axis":"y","angle":0.0},"faces":{"north":{"uv":[10.66667,13.66667,11.0,14.16667],"texture":"#2"},"east":{"uv":[11.66667,8.0,12.83333,8.5],"texture":"#2"},"south":{"uv":[14.0,1.66667,14.33333,2.16667],"texture":"#2"},"west":{"uv":[12.0,3.33333,13.16667,3.83333],"texture":"#2"},"up":{"uv":[11.33333,14.16667,11.0,13.0],"texture":"#2"},"down":{"uv":[13.66667,0.0,13.33333,1.16667],"texture":"#2"}}},{"from":[7.25,12.17031,7.25],"to":[8.75,16.67031,8.75],"rotation":{"origin":[8.0,21.67031,8.0],"axis":"y","angle":0.0},"faces":{"north":{"uv":[0.0,12.0,0.5,13.5],"texture":"#2"},"east":{"uv":[12.0,0.0,12.5,1.5],"texture":"#2"},"south":{"uv":[0.66667,12.0,1.16667,13.5],"texture":"#2"},"west":{"uv":[12.0,1.66667,12.5,3.16667],"texture":"#2"},"up":{"uv":[13.83333,14.16667,13.33333,13.66667],"texture":"#2"},"down":{"uv":[0.5,14.0,0.0,14.5],"texture":"#2"}}},{"from":[7.0,12.67031,7.0],"to":[9.0,14.67031,9.0],"rotation":{"origin":[8.0,21.67031,8.0],"axis":"y","angle":0.0},"faces":{"north":{"uv":[12.66667,0.0,13.33333,0.66667],"texture":"#2"},"east":{"uv":[12.66667,0.66667,13.33333,1.33333],"texture":"#2"},"south":{"uv":[12.66667,1.33333,13.33333,2.0],"texture":"#2"},"west":{"uv":[12.66667,2.0,13.33333,2.66667],"texture":"#2"},"up":{"uv":[13.33333,3.33333,12.66667,2.66667],"texture":"#2"},"down":{"uv":[13.33333,4.0,12.66667,4.66667],"texture":"#2"}}},{"from":[6.0,18.67031,6.0],"to":[10.0,20.67031,10.0],"rotation":{"origin":[8.0,21.67031,8.0],"axis":"y","angle":0.0},"faces":{"north":{"uv":[11.0,8.66667,12.33333,9.33333],"texture":"#2"},"east":{"uv":[11.0,9.33333,12.33333,10.0],"texture":"#2"},"south":{"uv":[11.0,10.0,12.33333,10.66667],"texture":"#2"},"west":{"uv":[0.0,11.33333,1.33333,12.0],"texture":"#2"},"up":{"uv":[11.0,6.66667,9.66667,5.33333],"texture":"#2"},"down":{"uv":[11.0,6.66667,9.66667,8.0],"texture":"#2"}}},{"from":[5.5,19.17031,7.0],"to":[10.5,20.67031,9.0],"rotation":{"origin":[8.0,21.67031,8.0],"axis":"y","angle":0.0},"faces":{"north":{"uv":[11.66667,5.33333,13.33333,5.83333],"texture":"#2"},"east":{"uv":[13.33333,1.33333,14.0,1.83333],"texture":"#2"},"south":{"uv":[11.66667,6.0,13.33333,6.5],"texture":"#2"},"west":{"uv":[13.33333,2.0,14.0,2.5],"texture":"#2"},"up":{"uv":[9.66667,11.33333,8.0,10.66667],"texture":"#2"},"down":{"uv":[11.33333,10.66667,9.66667,11.33333],"texture":"#2"}}},{"from":[7.0,19.17031,5.5],"to":[9.0,20.67031,10.5],"rotation":{"origin":[8.0,19.92031,8.0],"axis":"y","angle":0.0},"faces":{"north":{"uv":[13.33333,2.66667,14.0,3.16667],"texture":"#2"},"east":{"uv":[11.66667,6.66667,13.33333,7.16667],"texture":"#2"},"south":{"uv":[13.33333,3.33333,14.0,3.83333],"texture":"#2"},"west":{"uv":[11.66667,7.33333,13.33333,7.83333],"texture":"#2"},"up":{"uv":[11.66667,7.0,11.0,5.33333],"texture":"#2"},"down":{"uv":[11.66667,7.0,11.0,8.66667],"texture":"#2"}}},{"from":[5.0,20.67031,5.0],"to":[11.0,26.67031,11.0],"rotation":{"origin":[8.0,21.67031,8.0],"axis":"y","angle":0.0},"faces":{"north":{"uv":[6.66667,0.0,8.66667,2.0],"texture":"#2"},"east":{"uv":[6.66667,2.0,8.66667,4.0],"texture":"#2"},"south":{"uv":[6.66667,4.0,8.66667,6.0],"texture":"#2"},"west":{"uv":[6.66667,6.0,8.66667,8.0],"texture":"#2"},"up":{"uv":[2.0,10.0,0.0,8.0],"texture":"#2"},"down":{"uv":[4.0,8.0,2.0,10.0],"texture":"#2"}}},{"from":[6.0,21.67031,4.0],"to":[10.0,25.67031,5.0],"rotation":{"origin":[8.0,21.67031,8.0],"axis":"y",