{"display":{"gui":{"rotation":[30.0,225.0,0.0]}},"elements":[{"from":[-0.25,6.75,7.744776],"to":[6.75,23.75,7.744776],"faces":{"south":{"uv":[2.8125,4.3125,2.375,5.375],"texture":"#0","tintindex":0},"north":{"uv":[2.375,4.3125,2.8125,5.375],"texture":"#0","tintindex":0}}},{"from":[8.75,6.75,7.744776],"to":[15.75,23.75,7.744776],"faces":{"south":{"uv":[2.375,4.3125,2.8125,5.375],"texture":"#0","tintindex":0},"north":{"uv":[2.8125,4.3125,2.375,5.375],"texture":"#0","tintindex":0}}}],"textures":{"0":"modelengine:entity/lr_anubis"}}