{"display":{"gui":{"rotation":[30.0,225.0,0.0]}},"elements":[{"from":[3.5,-2.500001,7.5],"to":[10.5,8.5,14.5],"faces":{"east":{"uv":[5.4375,1.75,5.875,2.4375],"texture":"#0","tintindex":0},"south":{"uv":[5.4375,5.1875,5.875,5.875],"texture":"#0","tintindex":0},"north":{"uv":[1.125,5.4375,1.5625,6.125],"texture":"#0","tintindex":0},"west":{"uv":[5.5,4.1875,5.9375,4.875],"texture":"#0","tintindex":0},"up":{"uv":[7.25,5.4375,6.8125,5.0],"texture":"#0","tintindex":0},"down":{"uv":[7.25,6.3125,6.8125,6.75],"texture":"#0","tintindex":0}}},{"from":[4.5,-9.5,7.5],"to":[9.5,-2.500001,13.5],"faces":{"east":{"uv":[0.0,7.0625,0.375,7.5],"texture":"#0","tintindex":0},"south":{"uv":[2.625,7.375,2.9375,7.8125],"texture":"#0","tintindex":0},"north":{"uv":[1.75,7.375,2.0625,7.8125],"texture":"#0","tintindex":0},"west":{"uv":[5.375,7.0625,5.75,7.5],"texture":"#0","tintindex":0},"up":{"uv":[3.625,5.5625,3.3125,5.1875],"texture":"#0","tintindex":0},"down":{"uv":[3.875,7.5,3.5625,7.875],"texture":"#0","tintindex":0}}}],"textures":{"0":"modelengine:entity/lr_anubis"}}