{"display":{"gui":{"rotation":[30.0,225.0,0.0]}},"elements":[{"from":[8.016666,3.9833336,13.166667],"to":[24.016666,6.9833336,17.166668],"faces":{"east":{"uv":[3.875,8.875,4.375,9.25],"texture":"#0","tintindex":0},"south":{"uv":[7.5,2.25,9.5,2.625],"texture":"#0","tintindex":0},"north":{"uv":[5.875,7.375,7.875,7.75],"texture":"#0","tintindex":0},"west":{"uv":[6.75,8.875,7.25,9.25],"texture":"#0","tintindex":0},"up":{"uv":[8.75,2.25,6.75,1.75],"texture":"#0","tintindex":0},"down":{"uv":[5.0,6.75,3.0,7.25],"texture":"#0","tintindex":0}}},{"from":[8.016666,3.9833336,3.166667],"to":[31.016666,6.9833336,13.166667],"faces":{"east":{"uv":[7.75,6.125,9.0,6.5],"texture":"#0","tintindex":0},"south":{"uv":[6.75,0.375,9.625,0.75],"texture":"#0","tintindex":0},"north":{"uv":[6.75,0.0,9.625,0.375],"texture":"#0","tintindex":0},"west":{"uv":[7.75,6.5,9.0,6.875],"texture":"#0","tintindex":0},"up":{"uv":[2.875,1.25,0.0,0.0],"texture":"#0","tintindex":0},"down":{"uv":[2.875,1.25,0.0,2.5],"texture":"#0","tintindex":0}}},{"from":[8.016666,6.9833336,3.166667],"to":[28.016666,7.9833336,12.166667],"faces":{"east":{"uv":[0.0,9.25,1.125,9.375],"texture":"#0","tintindex":0},"south":{"uv":[5.5,8.375,8.0,8.5],"texture":"#0","tintindex":0},"north":{"uv":[8.125,8.0,10.625,8.125],"texture":"#0","tintindex":0},"west":{"uv":[1.125,9.25,2.25,9.375],"texture":"#0","tintindex":0},"up":{"uv":[5.375,1.125,2.875,0.0],"texture":"#0","tintindex":0},"down":{"uv":[5.375,1.125,2.875,2.25],"texture":"#0","tintindex":0}}}],"textures":{"0":"modelengine:entity/kurrot_groundbreak"}}