{"display":{"thirdperson_lefthand":{}},"elements":[{"from":[6.0489664,-4.7818146,7.6719637],"to":[9.951034,10.826453,12.87472],"rotation":{"origin":[8.0,13.645856,6.322928],"axis":"x","angle":22.5},"faces":{"south":{"uv":[5.75,11.8125,5.9375,12.5625],"texture":"#0","tintindex":0},"west":{"uv":[9.5,11.5,9.75,12.25],"texture":"#0","tintindex":0},"east":{"uv":[8.375,11.5,8.625,12.25],"texture":"#0","tintindex":0},"north":{"uv":[9.25,9.5625,9.4375,10.3125],"texture":"#0","tintindex":0},"down":{"uv":[12.0,12.125,11.8125,12.375],"texture":"#0","tintindex":0},"up":{"uv":[11.8125,12.375,11.625,12.125],"texture":"#0","tintindex":0}}},{"from":[9.251722,-6.9119015,1.345305],"to":[11.202756,-4.960868,3.946683],"rotation":{"origin":[12.227239,-5.6134567,3.946683],"axis":"y","angle":-22.5},"faces":{"south":{"uv":[5.15625,12.71875,5.0625,12.625],"texture":"#0","tintindex":0},"west":{"uv":[8.5,12.5625,8.59375,12.6875],"texture":"#0","rotation":90,"tintindex":0},"east":{"uv":[8.125,12.5625,8.21875,12.6875],"texture":"#0","rotation":270,"tintindex":0},"north":{"uv":[5.28125,12.625,5.1875,12.71875],"texture":"#0","rotation":180,"tintindex":0},"down":{"uv":[8.25,12.5625,8.34375,12.6875],"texture":"#0","tintindex":0},"up":{"uv":[8.0,12.5625,8.09375,12.6875],"texture":"#0","rotation":180,"tintindex":0}}},{"from":[5.3986225,-6.586728,-1.9064178],"to":[10.6013775,-4.6356955,4.5970273],"rotation":{"origin":[8.0,-7.0,-4.0],"axis":"z","angle":0.0},"faces":{"south":{"uv":[12.625,10.46875,12.375,10.375],"texture":"#0","tintindex":0},"west":{"uv":[3.8125,12.375,3.90625,12.6875],"texture":"#0","rotation":90,"tintindex":0},"east":{"uv":[3.6875,12.375,3.78125,12.6875],"texture":"#0","rotation":270,"tintindex":0},"north":{"uv":[12.625,10.875,12.375,10.96875],"texture":"#0","rotation":180,"tintindex":0},"down":{"uv":[11.5625,10.875,11.8125,11.1875],"texture":"#0","tintindex":0},"up":{"uv":[6.4375,11.0625,6.6875,11.375],"texture":"#0","rotation":180,"tintindex":0}}},{"from":[9.251722,-6.9119005,-1.256073],"to":[11.202756,-4.960867,1.345305],"rotation":{"origin":[12.227239,-5.6134567,3.946683],"axis":"y","angle":-22.5},"faces":{"south":{"uv":[12.71875,3.78125,12.625,3.6875],"texture":"#0","tintindex":0},"west":{"uv":[12.5625,7.9375,12.65625,8.0625],"texture":"#0","rotation":90,"tintindex":0},"east":{"uv":[6.875,12.5625,6.96875,12.6875],"texture":"#0","rotation":270,"tintindex":0},"north":{"uv":[12.71875,3.8125,12.625,3.90625],"texture":"#0","rotation":180,"tintindex":0},"down":{"uv":[12.5625,7.8125,12.65625,7.9375],"texture":"#0","tintindex":0},"up":{"uv":[6.75,12.5625,6.84375,12.6875],"texture":"#0","rotation":180,"tintindex":0}}},{"from":[10.227239,-6.9119005,-5.158139],"to":[10.227239,-4.960867,-1.256073],"rotation":{"origin":[12.227239,-5.6134567,3.946683],"axis":"y","angle":-22.5},"faces":{"south":{"uv":[0.0,0.09375,0.0,0.0],"texture":"#0","tintindex":0},"west":{"uv":[10.0625,12.4375,10.15625,12.625],"texture":"#0","rotation":90,"tintindex":0},"east":{"uv":[12.5,8.21875,12.59375,8.0625],"texture":"#0","rotation":90,"tintindex":0},"north":{"uv":[0.0,0.0,0.0,0.09375],"texture":"#0","rotation":180,"tintindex":0},"down":{"uv":[0.0,0.0,0.0,0.1875],"texture":"#0","tintindex":0},"up":{"uv":[0.0,0.0,0.0,0.1875],"texture":"#0","rotation":180,"tintindex":0}}},{"from":[7.625861,-6.936384,-11.661585],"to":[7.625861,-4.9853506,-8.4098625],"rotation":{"origin":[8.0,-8.0,-4.0],"axis":"z","angle":0.0},"faces":{"south":{"uv":[0.0,0.09375,0.0,0.0],"texture":"#0","tintindex":0},"west":{"uv":[12.5,12.0,12.59375,12.15625],"texture":"#0","rotation":90,"tintindex":0},"east":{"uv":[12.5,8.21875,12.59375,8.0625],"texture":"#0","rotation":90,"tintindex":0},"north":{"uv":[0.0,0.0,0.0,0.09375],"texture":"#0","rotation":180,"tintindex":0},"down":{"uv":[0.0,0.0,0.0,0.15625],"texture":"#0","tintindex":0},"up":{"uv":[0.0,0.0,0.0,0.15625],"texture":"#0","rotation":180,"tintindex":0}}},{"from":[6.650344,-6.936384,-5.158139],"to":[8.6013775,-4.9853506,-1.9064178],"rotation":{"origin":[8.0,-8.0,-4.0],"axis":"z","angle":0.0},"faces":{"south":{"uv":[12.71875,2.03125,12.625,1.9375],"texture":"#0","tintindex":0},"west":{"uv":[0.375,12.5625,0.46875,12.71875],"texture":"#0","rotation":90,"tintindex":0},"east":{"uv":[12.5625,0.125,12.65625,0.28125],"texture":"#0","rotation":270,"tintindex":0},"north":{"uv":[12.71875,2.5625,12.625,2.65625],"texture":"#0","rotation":180,"tintindex":0},"down":{"uv":[0.25,12.5625,0.34375,12.71875],"texture":"#0","tintindex":0},"up":{"uv":[12.5,12.4375,12.59375,12.59375],"texture":"#0","rotation":180,"tintindex":0}}},{"from":[6.650344,-6.936384,-8.4098625],"to":[8.6013775,-4.9853506,-5.158139],"rotation":{"origin":[8.0,-8.0,-4.0],"axis":"z","angle":0.0},"faces":{"south":{"uv":[12.71875,1.78125,12.625,1.6875],"texture":"#0","tintindex":0},"west":{"uv":[11.5625,12.5,11.65625,12.65625],"texture":"#0","rotation":90,"tintindex":0},"east":{"uv":[12.5,10.5,12.59375,10.65625],"texture":"#0","rotation":270,"tintindex":0},"north":{"uv":[12.71875,1.8125,12.625,1.90625],"texture":"#0","rotation":180,"tintindex":0},"down":{"uv":[12.5,10.6875,12.59375,10.84375],"texture":"#0","tintindex":0},"up":{"uv":[9.5,12.5,9.59375,12.65625],"texture":"#0","rotation":180,"tintindex":0}}},{"from":[3.3986225,-6.936384,-6.4098616],"to":[5.349655,-4.9853506,-3.1581392],"rotation":{"origin":[6.0,-6.0,-2.0],"axis":"y","angle":22.5},"faces":{"south":{"uv":[0.09375,12.71875,0.0,12.625],"texture":"#0","tintindex":0},"west":{"uv":[7.75,12.5,7.84375,12.65625],"texture":"#0","rotation":90,"tintindex":0},"east":{"uv":[7.5,12.5,7.59375,12.65625],"texture":"#0","rotation":270,"tintindex":0},"north":{"uv":[12.71875,0.0,12.625,0.09375],"texture":"#0","rotation":180,"tintindex":0},"down":{"uv":[7.625,12.5,7.71875,12.65625],"texture":"#0","tintindex":0},"up":{"uv":[7.375,12.5,7.46875,12.65625],"texture":"#0","rotation":180,"tintindex":0}}},{"from":[4.374138,-6.936384,-9.661585],"to":[4.374138,-4.9853506,-6.4098616],"rotation":{"origin":[6.0,-6.0,-2.0],"axis":"y","angle":22.5},"faces":{"south":{"uv":[0.0,0.09375,0.0,0.0],"texture":"#0","tintindex":0},"west":{"uv":[12.5,8.0625,12.59375,8.21875],"texture":"#0","rotation":90,"tintindex":0},"east":{"uv":[12.5,8.21875,12.59375,8.0625],"texture":"#0","rotation":90,"tintindex":0},"north":{"uv":[0.0,0.0,0.0,0.09375],"texture":"#0","rotation":180,"tintindex":0},"down":{"uv":[0.0,0.0,0.0,0.15625],"texture":"#0","tintindex":0},"up":{"uv":[0.0,0.0,0.0,0.15625],"texture":"#0","rotation":180,"tintindex":0}}},{"from":[3.3986225,-6.936384,-3.1581392],"to":[5.349655,-4.9853506,0.09358263],"rotation":{"origin":[6.0,-6.0,-2.0],"axis":"y","angle":22.5},"faces":{"south":{"uv":[0.21875,12.71875,0.125,12.625],"texture":"#0","tintindex":0},"west":{"uv":[9.375,12.5,9.46875,12.65625],"texture":"#0","rotation":90,"tintindex":0},"east":{"uv":[12.5,8.6875,12.59375,8.84375],"texture":"#0","rotation":270,"tintindex":0},"north":{"uv":[12.71875,1.5625,12.625,1.65625],"texture":"#0","rotation":180,"tintindex":0},"down":{"uv":[9.25,12.5,9.34375,12.65625],"texture":"#0","tintindex":0},"up":{"uv":[8.375,12.5,8.46875,12.65625],"texture":"#0","rotation":180,"tintindex":0}}}],"textures":{"1":"wakame:cursed_dragon/cursed_dragon"}}