{"display":{"thirdperson_lefthand":{"scale":[1.0346998,1.0346998,1.0346998]}},"elements":[{"from":[4.662402,-13.323162,1.8716712],"to":[12.833349,8.047007,13.185291],"rotation":{"origin":[9.3764105,6.7400546,7.528481],"axis":"x","angle":45.0},"faces":{"north":{"uv":[9.84375,9.375,9.4375,10.4375],"texture":"#0","tintindex":0},"south":{"uv":[9.90625,3.0,9.5,4.0625],"texture":"#0","tintindex":0},"up":{"uv":[11.125,1.4375,11.53125,0.875],"texture":"#0","tintindex":0},"east":{"uv":[9.3125,5.8125,8.75,6.875],"texture":"#0","tintindex":0},"down":{"uv":[11.125,10.625,11.53125,11.1875],"texture":"#0","tintindex":0},"west":{"uv":[9.3125,4.75,8.75,5.8125],"texture":"#0","tintindex":0}}},{"from":[5.919471,-13.622465,-2.4803162],"to":[11.576282,-4.8229837,13.86158],"rotation":{"origin":[9.3764105,-9.222725,-2.4482555],"axis":"z","angle":0.0},"faces":{"north":{"uv":[11.8125,11.6875,12.09375,11.25],"texture":"#0","rotation":180,"tintindex":0},"south":{"uv":[11.875,5.375,12.15625,5.8125],"texture":"#0","tintindex":0},"up":{"uv":[10.71875,11.125,10.4375,11.9375],"texture":"#0","tintindex":0},"east":{"uv":[9.875,6.25,10.3125,5.4375],"texture":"#0","rotation":270,"tintindex":0},"down":{"uv":[8.96875,11.0625,8.6875,11.875],"texture":"#0","rotation":180,"tintindex":0},"west":{"uv":[8.8125,10.375,9.25,9.5625],"texture":"#0","rotation":90,"tintindex":0}}},{"from":[10.250256,0.60896826,-16.0],"to":[10.250256,2.4945707,-10.343189],"rotation":{"origin":[-0.35064793,-4.3114595,-11.764618],"axis":"x","angle":45.0},"faces":{"north":{"uv":[0.0,0.0,0.0,0.09375],"texture":"#0","tintindex":0},"south":{"uv":[0.0,0.0,0.0,0.09375],"texture":"#0","tintindex":0},"up":{"uv":[0.0,0.28125,0.0,0.0],"texture":"#0","tintindex":0},"east":{"uv":[12.375,5.375,12.65625,5.46875],"texture":"#0","tintindex":0},"down":{"uv":[0.0,0.0,0.0,0.28125],"texture":"#0","tintindex":0},"west":{"uv":[12.65625,4.1875,12.375,4.28125],"texture":"#0","tintindex":0}}},{"from":[10.250286,-0.50531864,-14.189377],"to":[10.250286,1.3802862,-8.532564],"rotation":{"origin":[-25.502373,-2.4619083,-16.193289],"axis":"x","angle":22.5},"faces":{"north":{"uv":[0.0,0.0,0.0,0.09375],"texture":"#0","tintindex":0},"south":{"uv":[0.0,0.0,0.0,0.09375],"texture":"#0","tintindex":0},"up":{"uv":[0.0,0.28125,0.0,0.0],"texture":"#0","tintindex":0},"east":{"uv":[12.375,2.8125,12.65625,2.90625],"texture":"#0","tintindex":0},"down":{"uv":[0.0,0.0,0.0,0.28125],"texture":"#0","tintindex":0},"west":{"uv":[12.65625,4.1875,12.375,4.28125],"texture":"#0","tintindex":0}}},{"from":[10.250256,-4.7349415,-11.675238],"to":[10.250256,-2.8493376,-6.018427],"rotation":{"origin":[7.357401,-3.4283714,-12.712688],"axis":"x","angle":22.5},"faces":{"north":{"uv":[0.0,0.0,0.0,0.09375],"texture":"#0","tintindex":0},"south":{"uv":[0.0,0.0,0.0,0.09375],"texture":"#0","tintindex":0},"up":{"uv":[0.0,0.28125,0.0,0.0],"texture":"#0","tintindex":0},"east":{"uv":[12.375,4.1875,12.65625,4.28125],"texture":"#0","tintindex":0},"down":{"uv":[0.0,0.0,0.0,0.28125],"texture":"#0","tintindex":0},"west":{"uv":[12.65625,4.1875,12.375,4.28125],"texture":"#0","tintindex":0}}},{"from":[10.250256,-9.558958,-10.138823],"to":[10.250256,-7.673356,-4.4820127],"rotation":{"origin":[11.24692,5.4160333,-38.197075],"axis":"z","angle":0.0},"faces":{"north":{"uv":[0.0,0.0,0.0,0.09375],"texture":"#0","tintindex":0},"south":{"uv":[0.0,0.0,0.0,0.09375],"texture":"#0","tintindex":0},"up":{"uv":[0.0,0.28125,0.0,0.0],"texture":"#0","tintindex":0},"east":{"uv":[12.375,4.4375,12.65625,4.53125],"texture":"#0","tintindex":0},"down":{"uv":[0.0,0.0,0.0,0.28125],"texture":"#0","tintindex":0},"west":{"uv":[12.65625,4.1875,12.375,4.28125],"texture":"#0","tintindex":0}}}],"textures":{"1":"wakame:cursed_dragon/cursed_dragon"}}