{"display":{"thirdperson_lefthand":{}},"elements":[{"from":[5.404113,14.297153,-0.89455795],"to":[11.9075575,16.89853,6.2592316],"rotation":{"origin":[8.655835,17.433853,27.029202],"axis":"x","angle":-22.5},"faces":{"west":{"uv":[7.875,10.6875,8.21875,10.8125],"texture":"#0","tintindex":0},"south":{"uv":[11.125,1.4375,11.4375,1.5625],"texture":"#0","tintindex":0},"north":{"uv":[9.9375,3.9375,10.25,4.0625],"texture":"#0","tintindex":0},"east":{"uv":[9.5,4.625,9.84375,4.75],"texture":"#0","tintindex":0},"up":{"uv":[10.6875,12.28125,10.375,11.9375],"texture":"#0","tintindex":0},"down":{"uv":[11.0,11.9375,10.6875,12.28125],"texture":"#0","tintindex":0}}},{"from":[5.7292852,16.89853,-0.5693855],"to":[11.582385,19.499908,5.934059],"rotation":{"origin":[8.655835,17.433853,27.029202],"axis":"x","angle":-22.5},"faces":{"west":{"uv":[12.0625,7.125,12.375,7.25],"texture":"#0","tintindex":0},"south":{"uv":[12.125,11.5,12.40625,11.625],"texture":"#0","tintindex":0},"north":{"uv":[12.125,9.125,12.40625,9.25],"texture":"#0","tintindex":0},"east":{"uv":[12.0625,4.875,12.375,5.0],"texture":"#0","tintindex":0},"up":{"uv":[0.90625,12.3125,0.625,12.0],"texture":"#0","tintindex":0},"down":{"uv":[1.21875,12.0,0.9375,12.3125],"texture":"#0","tintindex":0}}},{"from":[5.404113,10.395086,-0.89455795],"to":[11.9075575,14.297153,6.2592316],"rotation":{"origin":[8.655835,17.433853,27.029202],"axis":"x","angle":-22.5},"faces":{"west":{"uv":[7.0,12.0,7.34375,12.1875],"texture":"#0","tintindex":0},"south":{"uv":[12.0625,0.1875,12.375,0.375],"texture":"#0","tintindex":0},"north":{"uv":[12.0625,0.0,12.375,0.1875],"texture":"#0","tintindex":0},"east":{"uv":[12.0,4.1875,12.34375,4.375],"texture":"#0","tintindex":0},"up":{"uv":[0.3125,12.34375,0.0,12.0],"texture":"#0","tintindex":0},"down":{"uv":[0.625,12.0,0.3125,12.34375],"texture":"#0","tintindex":0}}}],"textures":{"1":"wakame:cursed_dragon/cursed_dragon"}}