{"display":{"thirdperson_lefthand":{"scale":[1.9431595,1.9431595,1.9431595]}},"elements":[{"from":[6.4939218,6.661265,7.902746],"to":[9.506079,9.673421,19.282001],"rotation":{"origin":[8.0,8.0,8.0],"axis":"z","angle":0.0},"faces":{"down":{"uv":[9.78125,10.4375,9.5,11.5],"texture":"#0","tintindex":0},"west":{"uv":[10.4375,1.875,11.5,2.15625],"texture":"#0","tintindex":0},"north":{"uv":[1.25,12.0,1.53125,12.28125],"texture":"#0","tintindex":0},"up":{"uv":[9.46875,11.5,9.1875,10.4375],"texture":"#0","tintindex":0},"south":{"uv":[12.0,1.375,12.28125,1.65625],"texture":"#0","tintindex":0},"east":{"uv":[10.4375,1.5625,11.5,1.84375],"texture":"#0","tintindex":0}}},{"from":[6.8286057,7.3306336,19.282001],"to":[9.171394,9.673421,32.0],"rotation":{"origin":[8.0,8.0,8.0],"axis":"z","angle":0.0},"faces":{"down":{"uv":[10.90625,5.875,10.6875,7.0625],"texture":"#0","tintindex":0},"west":{"uv":[10.6875,5.625,11.875,5.84375],"texture":"#0","tintindex":0},"north":{"uv":[12.0625,3.0625,12.28125,3.28125],"texture":"#0","tintindex":0},"up":{"uv":[6.09375,11.8125,5.875,10.625],"texture":"#0","tintindex":0},"south":{"uv":[12.0625,4.625,12.28125,4.84375],"texture":"#0","tintindex":0},"east":{"uv":[10.6875,5.375,11.875,5.59375],"texture":"#0","tintindex":0}}},{"from":[8.0,9.673421,7.902746],"to":[8.0,12.685577,19.282001],"rotation":{"origin":[8.0,8.0,8.0],"axis":"z","angle":0.0},"faces":{"down":{"uv":[0.0,0.0,0.0,1.0625],"texture":"#0","tintindex":0},"west":{"uv":[10.5,0.3125,11.5625,0.59375],"texture":"#0","tintindex":0},"north":{"uv":[0.0,0.0,0.0,0.28125],"texture":"#0","tintindex":0},"up":{"uv":[0.0,1.0625,0.0,0.0],"texture":"#0","tintindex":0},"south":{"uv":[0.0,0.0,0.0,0.28125],"texture":"#0","tintindex":0},"east":{"uv":[10.5,0.0,11.5625,0.28125],"texture":"#0","tintindex":0}}},{"from":[8.0,9.673421,19.282001],"to":[8.0,12.016209,32.0],"rotation":{"origin":[8.0,8.0,8.0],"axis":"z","angle":0.0},"faces":{"down":{"uv":[0.0,0.0,0.0,1.1875],"texture":"#0","tintindex":0},"west":{"uv":[10.8125,8.6875,12.0,8.90625],"texture":"#0","tintindex":0},"north":{"uv":[0.0,0.0,0.0,0.21875],"texture":"#0","tintindex":0},"up":{"uv":[0.0,1.1875,0.0,0.0],"texture":"#0","tintindex":0},"south":{"uv":[0.0,0.0,0.0,0.21875],"texture":"#0","tintindex":0},"east":{"uv":[7.75,10.8125,8.9375,11.03125],"texture":"#0","tintindex":0}}}],"textures":{"1":"wakame:cursed_dragon/cursed_dragon"}}