{"display":{"thirdperson_lefthand":{"scale":[2.2723558,2.2723558,2.2723558]}},"elements":[{"from":[7.9718375,8.105809,-4.6333885],"to":[24.85754,8.105809,32.0],"rotation":{"origin":[7.9718375,8.105809,7.9593387],"axis":"z","angle":0.0},"faces":{"east":{"uv":[0.0,0.0,4.0,0.0],"texture":"#0","tintindex":0},"south":{"uv":[0.0,0.0,1.84375,0.0],"texture":"#0","tintindex":0},"down":{"uv":[8.71875,0.0,6.875,4.0],"texture":"#0","tintindex":0},"up":{"uv":[8.71875,4.0,6.875,0.0],"texture":"#0","tintindex":0},"north":{"uv":[0.0,0.0,1.84375,0.0],"texture":"#0","tintindex":0},"west":{"uv":[0.0,0.0,4.0,0.0],"texture":"#0","tintindex":0}}},{"from":[7.9718375,7.5334125,7.3869424],"to":[24.85754,8.678205,8.531735],"rotation":{"origin":[6.6839447,3.5266347,13.1109085],"axis":"z","angle":0.0},"faces":{"east":{"uv":[11.375,2.1875,11.5,2.3125],"texture":"#0","tintindex":0},"south":{"uv":[11.0625,7.6875,12.90625,7.8125],"texture":"#0","tintindex":0},"down":{"uv":[12.96875,0.75,11.125,0.875],"texture":"#0","tintindex":0},"up":{"uv":[12.96875,0.75,11.125,0.625],"texture":"#0","tintindex":0},"north":{"uv":[11.0625,7.5625,12.90625,7.6875],"texture":"#0","tintindex":0},"west":{"uv":[10.5625,12.4375,10.6875,12.5625],"texture":"#0","tintindex":0}}}],"textures":{"1":"wakame:cursed_dragon/cursed_dragon"}}