{"display":{"thirdperson_lefthand":{"scale":[2.2723558,2.2723558,2.2723558]}},"elements":[{"from":[-8.720383,8.105809,-4.6333885],"to":[8.165319,8.105809,32.0],"rotation":{"origin":[8.165319,8.105809,7.9593387],"axis":"z","angle":0.0},"faces":{"east":{"uv":[0.0,0.0,4.0,0.0],"texture":"#0","tintindex":0},"west":{"uv":[0.0,0.0,4.0,0.0],"texture":"#0","tintindex":0},"south":{"uv":[0.0,0.0,1.84375,0.0],"texture":"#0","tintindex":0},"up":{"uv":[6.84375,4.0,5.0,0.0],"texture":"#0","tintindex":0},"down":{"uv":[6.84375,0.0,5.0,4.0],"texture":"#0","tintindex":0},"north":{"uv":[0.0,0.0,1.84375,0.0],"texture":"#0","tintindex":0}}},{"from":[-8.720383,7.5334125,7.3869424],"to":[8.165319,8.678205,8.531735],"rotation":{"origin":[9.453213,3.5266347,13.1109085],"axis":"z","angle":0.0},"faces":{"east":{"uv":[10.1875,9.25,10.3125,9.375],"texture":"#0","tintindex":0},"west":{"uv":[10.4375,11.0,10.5625,11.125],"texture":"#0","tintindex":0},"south":{"uv":[11.0625,5.0625,12.90625,5.1875],"texture":"#0","tintindex":0},"up":{"uv":[12.90625,5.3125,11.0625,5.1875],"texture":"#0","tintindex":0},"down":{"uv":[12.90625,7.4375,11.0625,7.5625],"texture":"#0","tintindex":0},"north":{"uv":[11.0,10.0,12.84375,10.125],"texture":"#0","tintindex":0}}}],"textures":{"1":"wakame:cursed_dragon/cursed_dragon"}}