{"display":{"gui":{"rotation":[30.0,225.0,0.0]}},"elements":[{"from":[1.1480498,2.271637,5.0],"to":[7.1480503,9.271637,11.0],"rotation":{"origin":[4.14805,-1.728363,7.5],"axis":"z","angle":-22.5},"faces":{"east":{"uv":[1.75,7.625,2.125,8.0625],"texture":"#0","tintindex":0},"south":{"uv":[0.3125,7.625,0.6875,8.0625],"texture":"#0","tintindex":0},"north":{"uv":[0.6875,7.625,0.3125,8.0625],"texture":"#0","tintindex":0},"west":{"uv":[2.125,7.625,1.75,8.0625],"texture":"#0","tintindex":0},"up":{"uv":[4.0625,8.1875,4.4375,7.8125],"texture":"#0","tintindex":0},"down":{"uv":[4.0625,7.8125,4.4375,8.1875],"texture":"#0","tintindex":0}}}],"textures":{"0":"modelengine:entity/dwarf_blacksmith"}}