{"display":{"gui":{"rotation":[30.0,225.0,0.0]}},"elements":[{"from":[-0.046875,7.8602276,2.7215204],"to":[15.953125,17.860228,12.721521],"faces":{"east":{"uv":[4.375,3.4375,5.0,4.0625],"texture":"#0","tintindex":0},"south":{"uv":[3.3125,0.6875,4.3125,1.3125],"texture":"#0","tintindex":0},"north":{"uv":[0.0,3.1875,1.0,3.8125],"texture":"#0","tintindex":0},"west":{"uv":[4.375,4.125,5.0,4.75],"texture":"#0","tintindex":0},"up":{"uv":[4.4375,2.0,3.4375,1.375],"texture":"#0","tintindex":0},"down":{"uv":[4.4375,2.0625,3.4375,2.6875],"texture":"#0","tintindex":0}}},{"from":[-1.046875,7.9102287,1.6715207],"to":[16.953125,11.910229,13.67152],"faces":{"east":{"uv":[7.25,0.0,8.0,0.25],"texture":"#0","tintindex":0},"south":{"uv":[5.6875,4.875,6.8125,5.125],"texture":"#0","tintindex":0},"north":{"uv":[5.6875,4.875,6.8125,5.125],"texture":"#0","tintindex":0},"west":{"uv":[7.25,3.3125,8.0,3.5625],"texture":"#0","tintindex":0},"up":{"uv":[3.375,2.625,2.25,1.875],"texture":"#0","tintindex":0},"down":{"uv":[3.375,2.625,2.25,1.875],"texture":"#0","tintindex":0}}}],"textures":{"0":"modelengine:entity/dwarf_blacksmith"}}