{"display":{"thirdperson_righthand":{"rotation":[0.0,90.0,0.0],"translation":[0.0,1.25,0.0]},"thirdperson_lefthand":{"rotation":[0.0,-90.0,0.0],"translation":[0.0,1.25,0.0]},"firstperson_righthand":{"rotation":[0.0,90.0,0.0],"translation":[1.25,2.0,-1.0]},"firstperson_lefthand":{"rotation":[0.0,-90.0,0.0],"translation":[1.25,2.0,-1.0]},"ground":{"rotation":[90.0,0.0,90.0],"translation":[-1.5,-3.0,0.0]},"gui":{"rotation":[0.0,0.0,-45.0],"translation":[0.0,-0.5,1.75],"scale":[0.6,0.6,0.6]},"fixed":{"rotation":[0.0,180.0,-45.0],"translation":[0.0,-0.5,0.25],"scale":[0.65,0.65,0.65]}},"elements":[{"from":[5.0952,-4.83011,6.965],"to":[7.1652,12.41989,9.035],"rotation":{"origin":[8.0,5.45,8.0],"axis":"y","angle":0.0},"faces":{"north":{"uv":[5.6875,4.625,7.25,4.8125],"texture":"#0","rotation":90},"east":{"uv":[0.5625,5.75,0.375,7.3125],"texture":"#0","rotation":180},"south":{"uv":[5.25,0.6875,6.8125,0.875],"texture":"#0","rotation":270},"west":{"uv":[3.4375,7.25,3.25,5.6875],"texture":"#0"},"up":{"uv":[2.5,9.1875,2.6875,9.375],"texture":"#0","rotation":270},"down":{"uv":[3.625,9.1875,3.8125,9.375],"texture":"#0","rotation":270}}},{"from":[4.4052,12.41989,5.585],"to":[7.8552,17.93989,10.415],"rotation":{"origin":[8.0,5.45,8.0],"axis":"y","angle":0.0},"faces":{"north":{"uv":[1.1875,7.75,1.6875,8.0625],"texture":"#0","rotation":90},"east":{"uv":[4.8125,6.75,4.375,7.25],"texture":"#0","rotation":180},"south":{"uv":[7.625,5.9375,8.125,6.25],"texture":"#0","rotation":270},"west":{"uv":[1.0,4.375,0.5625,3.875],"texture":"#0"},"up":{"uv":[1.1875,8.125,1.625,8.4375],"texture":"#0","rotation":270},"down":{"uv":[1.6875,8.125,2.125,8.4375],"texture":"#0","rotation":270}}},{"from":[7.8552,11.72989,4.895],"to":[13.3752,18.62989,11.105],"rotation":{"origin":[8.0,5.45,8.0],"axis":"y","angle":0.0},"faces":{"north":{"uv":[5.375,5.625,6.0,6.125],"texture":"#0","rotation":90},"east":{"uv":[3.5,5.0,2.9375,5.625],"texture":"#0","rotation":180},"south":{"uv":[4.6875,5.625,5.3125,6.125],"texture":"#0","rotation":270},"west":{"uv":[5.0,5.4375,4.4375,4.8125],"texture":"#0"},"up":{"uv":[0.625,5.8125,1.1875,6.3125],"texture":"#0","rotation":270},"down":{"uv":[1.25,6.0,1.8125,6.5],"texture":"#0","rotation":270}}},{"from":[3.24816,16.28832,6.965],"to":[9.45816,18.35832,9.035],"rotation":{"origin":[8.0,5.45,8.0],"axis":"z","angle":22.5},"faces":{"north":{"uv":[3.625,8.5625,3.8125,9.125],"texture":"#0","rotation":90},"east":{"uv":[6.25,9.1875,6.0625,9.375],"texture":"#0","rotation":180},"south":{"uv":[0.875,8.5625,1.0625,9.125],"texture":"#0","rotation":270},"west":{"uv":[9.375,4.875,9.1875,4.6875],"texture":"#0"},"up":{"uv":[0.625,8.5625,0.8125,9.125],"texture":"#0","rotation":270},"down":{"uv":[2.5,8.5625,2.6875,9.125],"texture":"#0","rotation":270}}},{"from":[13.3752,11.03989,4.205],"to":[14.7552,19.31989,11.795],"rotation":{"origin":[8.0,5.45,8.0],"axis":"y","angle":0.0},"faces":{"north":{"uv":[8.8125,0.0,9.5625,0.125],"texture":"#0","rotation":90},"east":{"uv":[1.75,3.625,1.0625,4.375],"texture":"#0","rotation":180},"south":{"uv":[8.75,6.5,9.5,6.625],"texture":"#0","rotation":270},"west":{"uv":[3.75,4.25,3.0625,3.5],"texture":"#0"},"up":{"uv":[8.875,4.0,9.5625,4.125],"texture":"#0","rotation":270},"down":{"uv":[8.875,4.0,9.5625,4.125],"texture":"#0","rotation":270}}},{"from":[0.9552,12.41989,7.31],"to":[4.4052,15.86989,8.69],"rotation":{"origin":[8.0,5.45,8.0],"axis":"y","angle":0.0},"faces":{"north":{"uv":[4.6875,8.75,5.0,9.0625],"texture":"#0","rotation":90},"east":{"uv":[9.25,6.125,9.125,6.4375],"texture":"#0","rotation":180},"south":{"uv":[8.75,1.0,9.0625,1.3125],"texture":"#0","rotation":270},"west":{"uv":[9.25,6.0625,9.125,5.75],"texture":"#0"},"up":{"uv":[5.375,9.125,5.5,9.4375],"texture":"#0","rotation":270},"down":{"uv":[5.5625,9.125,5.6875,9.4375],"texture":"#0","rotation":270}}},{"from":[12.26385,-4.90814,6.62],"to":[15.71385,-1.45814,9.38],"rotation":{"origin":[8.0,5.45,8.0],"axis":"z","angle":-45.0},"faces":{"north":{"uv":[8.75,5.75,9.0625,6.0625],"texture":"#0","rotation":90},"east":{"uv":[3.0,8.9375,2.75,9.25],"texture":"#0","rotation":180},"south":{"uv":[5.5,8.75,5.8125,9.0625],"texture":"#0","rotation":270},"west":{"uv":[8.5625,9.1875,8.3125,8.875],"texture":"#0"},"up":{"uv":[1.75,8.875,2.0,9.1875],"texture":"#0","rotation":270},"down":{"uv":[8.0,8.875,8.25,9.1875],"texture":"#0","rotation":270}}}],"textures":{"particle":"wakame:item/weapon/dwarf_set/dwarf_flame_hammer","0":"wakame:item/weapon/dwarf_set/dwarf_flame_hammer"},"gui_light":"front"}