{"display":{"gui":{"rotation":[30.0,225.0,0.0]}},"elements":[{"from":[-2.7468567,8.59553,8.715826],"to":[1.2531433,12.09553,8.715826],"rotation":{"origin":[-0.7468567,10.1126175,8.607913],"axis":"x","angle":-45.0},"faces":{"east":{"uv":[4.5,3.5,3.5,4.4375],"texture":"#1","rotation":90,"tintindex":0},"south":{"uv":[12.625,7.4375,13.0625,7.9375],"texture":"#1","rotation":270,"tintindex":0},"north":{"uv":[12.625,7.4375,13.0625,7.9375],"texture":"#1","rotation":90,"tintindex":0},"up":{"uv":[8.5625,6.9375,9.5,7.25],"texture":"#1","rotation":270,"tintindex":0},"down":{"uv":[8.5,3.3125,9.4375,3.625],"texture":"#1","rotation":270,"tintindex":0}}},{"from":[3.7531433,0.29790497,9.239271],"to":[5.2531433,1.297905,11.239271],"rotation":{"origin":[5.780921,-5.3447924,6.1632967],"axis":"x","angle":-45.0},"faces":{"east":{"uv":[7.5,4.3125,7.6875,4.4375],"texture":"#1","rotation":180,"tintindex":0},"south":{"uv":[2.625,7.9375,2.875,8.0625],"texture":"#1","rotation":180,"tintindex":0},"north":{"uv":[7.8125,4.3125,8.0625,4.4375],"texture":"#1","rotation":180,"tintindex":0},"west":{"uv":[2.625,7.9375,2.875,8.0625],"texture":"#1","rotation":180,"tintindex":0},"up":{"uv":[8.5625,5.5,8.3125,5.625],"texture":"#1","rotation":270,"tintindex":0},"down":{"uv":[7.1875,4.6875,6.6875,4.3125],"texture":"#1","rotation":90,"tintindex":0}}},{"from":[3.7531433,8.97053,7.1142707],"to":[5.2531433,9.97053,9.114271],"rotation":{"origin":[5.780921,4.7858524,-0.8367033],"axis":"x","angle":45.0},"faces":{"east":{"uv":[7.6875,4.3125,7.5,4.4375],"texture":"#1","tintindex":0},"south":{"uv":[2.875,7.9375,2.625,8.0625],"texture":"#1","tintindex":0},"north":{"uv":[8.0625,4.3125,7.8125,4.4375],"texture":"#1","tintindex":0},"west":{"uv":[2.875,7.9375,2.625,8.0625],"texture":"#1","tintindex":0},"up":{"uv":[8.0625,4.75,8.375,4.625],"texture":"#1","rotation":90,"tintindex":0},"down":{"uv":[8.3125,5.5,8.5625,5.625],"texture":"#1","rotation":270,"tintindex":0}}},{"from":[7.2531433,-0.85684586,0.7607293],"to":[8.753143,4.143154,5.7607293],"rotation":{"origin":[5.780921,4.7858524,7.3367033],"axis":"x","angle":-45.0},"faces":{"east":{"uv":[2.625,7.9375,3.25,8.5625],"texture":"#1","tintindex":0},"south":{"uv":[5.625,8.125,5.8125,8.75],"texture":"#1","tintindex":0},"north":{"uv":[6.125,10.25,6.3125,10.875],"texture":"#1","tintindex":0},"west":{"uv":[3.875,8.1875,4.5,8.8125],"texture":"#1","tintindex":0},"up":{"uv":[10.875,5.5625,10.25,5.375],"texture":"#1","rotation":90,"tintindex":0},"down":{"uv":[10.875,9.5625,10.25,9.75],"texture":"#1","rotation":270,"tintindex":0}}},{"from":[4.7531433,0.0047035217,4.25],"to":[7.7531433,7.0047035,8.75],"faces":{"east":{"uv":[5.25,7.25,5.8125,8.125],"texture":"#1","tintindex":0},"south":{"uv":[8.25,0.625,8.625,1.5],"texture":"#1","tintindex":0},"north":{"uv":[8.25,5.1875,8.625,6.0625],"texture":"#1","tintindex":0},"west":{"uv":[7.375,7.4375,7.9375,8.3125],"texture":"#1","tintindex":0},"up":{"uv":[2.125,3.75,1.5625,3.375],"texture":"#1","rotation":90,"tintindex":0},"down":{"uv":[9.8125,8.0625,9.25,8.4375],"texture":"#1","rotation":270,"tintindex":0}}},{"from":[-2.7468567,9.311356,2.875],"to":[1.2531433,9.311356,6.375],"faces":{"east":{"uv":[4.5,3.5,3.5,4.4375],"texture":"#1","rotation":180,"tintindex":0},"south":{"uv":[8.5,3.3125,9.4375,3.625],"texture":"#1","rotation":270,"tintindex":0},"north":{"uv":[8.5625,6.9375,9.5,7.25],"texture":"#1","rotation":90,"tintindex":0},"up":{"uv":[12.625,7.4375,13.0625,7.9375],"texture":"#1","rotation":270,"tintindex":0},"down":{"uv":[12.625,7.4375,13.0625,7.9375],"texture":"#1","rotation":270,"tintindex":0}}},{"from":[4.7531433,-0.35684586,1.2607293],"to":[7.2531433,3.6431541,5.2607293],"rotation":{"origin":[5.780921,4.7858524,7.3367033],"axis":"x","angle":-45.0},"faces":{"east":{"uv":[8.8125,9.0,9.3125,9.5],"texture":"#1","tintindex":0},"south":{"uv":[0.25,9.875,0.5625,10.375],"texture":"#1","tintindex":0},"north":{"uv":[2.1875,9.875,2.5,10.375],"texture":"#1","tintindex":0},"west":{"uv":[9.125,0.5625,9.625,1.0625],"texture":"#1","tintindex":0},"up":{"uv":[5.0,7.0625,4.5,6.75],"texture":"#1","rotation":90,"tintindex":0},"down":{"uv":[10.4375,1.625,9.9375,1.9375],"texture":"#1","rotation":270,"tintindex":0}}},{"from":[1.2531433,9.0047035,7.25],"to":[2.2531433,11.504705,9.75],"faces":{"east":{"uv":[12.625,6.5625,12.9375,6.875],"texture":"#1","tintindex":0},"south":{"uv":[13.25,6.3125,13.125,6.625],"texture":"#1","tintindex":0},"north":{"uv":[12.25,6.6875,12.125,7.0],"texture":"#1","tintindex":0},"west":{"uv":[12.625,6.125,12.9375,6.4375],"texture":"#1","tintindex":0},"up":{"uv":[12.4375,6.6875,12.125,6.5625],"texture":"#1","rotation":90,"tintindex":0},"down":{"uv":[12.4375,6.5,12.125,6.375],"texture":"#1","rotation":270,"tintindex":0}}},{"from":[3.2531433,7.0047035,4.25],"to":[9.753143,9.5047035,9.25],"faces":{"east":{"uv":[9.625,5.0,10.25,5.3125],"texture":"#1","tintindex":0},"south":{"uv":[9.0,2.6875,9.8125,3.0],"texture":"#1","tintindex":0},"north":{"uv":[9.0,3.0,9.8125,3.3125],"texture":"#1","tintindex":0},"west":{"uv":[9.625,5.3125,10.25,5.625],"texture":"#1","tintindex":0},"up":{"uv":[0.625,5.625,0.0,4.8125],"texture":"#1","rotation":90,"tintindex":0},"down":{"uv":[0.875,6.9375,0.25,7.75],"texture":"#1","rotation":270,"tintindex":0}}},{"from":[3.7531433,2.5047035,10.25],"to":[8.253143,12.004705,11.75],"faces":{"east":{"uv":[0.625,9.25,0.8125,10.4375],"texture":"#1","tintindex":0},"south":{"uv":[1.4375,5.5625,2.0,6.75],"texture":"#1","tintindex":0},"north":{"uv":[2.0,5.625,2.5625,6.8125],"texture":"#1","tintindex":0},"west":{"uv":[6.9375,9.3125,7.125,10.5],"texture":"#1","tintindex":0},"up":{"uv":[8.5,10.875,8.3125,10.3125],"texture":"#1","rotation":90,"tintindex":0},"down":{"uv":[8.6875,10.3125,8.5,10.875],"texture":"#1","rotation":270,"tintindex":0}}},{"from":[3.7531433,-10.67947,4.3857293],"to":[5.2531433,-9.67947,6.3857293],"rotation":{"origin":[5.780921,-5.3447924,14.336703],"axis":"x","angle":45.0},"faces":{"east":{"uv":[7.6875,4.3125,7.5,4.4375],"texture":"#1","rotation":180,"tintindex":0},"south":{"uv":[8.0625,4.3125,7.8125,4.4375],"texture":"#1","rotation":180,"tintindex":0},"north":{"uv":[2.875,7.9375,2.625,8.0625],"texture":"#1","rotation":180,"tintindex":0},"west":{"uv":[2.875,7.9375,2.625,8.0625],"texture":"#1","rotation":180,"tintindex":0},"up":{"uv":[8.3125,5.5,8.5625,5.625],"texture":"#1","rotation":270,"tintindex":0},"down":{"uv":[8.0625,4.75,8.375,4.625],"texture":"#1","rotation":90,"tintindex":0}}},{"from":[-2.7468567,7.5955296,4.5908256],"to":[1.2531433,11.09553,4.5908256],"faces":{"east":{"uv":[4.5,3.5,3.5,4.4375],"texture":"#1","rotation":90,"tintindex":0},"south":{"uv":[12.625,7.4375,13.0625,7.9375],"texture":"#1","rotation":270,"tintindex":0},"north":{"uv":[12.625,7.4375,13.0625,7.9375],"texture":"#1","rotation":90,"tintindex":0},"up":{"uv":[8.5625,6.9375,9.5,7.25],"texture":"#1","rotation":270,"tintindex":0},"down":{"uv":[8.5,3.3125,9.4375,3.625],"texture":"#1","rotation":270,"tintindex":0}}},{"from":[3.7531433,-1.8568459,2.2607293],"to":[5.2531433,-0.85684586,4.2607293],"rotation":{"origin":[5.780921,4.7858524,7.3367033],"axis":"x","angle":-45.0},"faces":{"east":{"uv":[7.5,4.3125,7.6875,4.4375],"texture":"#1","tintindex":0},"south":{"uv":[6.6875,7.0625,6.875,7.1875],"texture":"#1","tintindex":0},"north":{"uv":[2.625,7.9375,2.875,8.0625],"texture":"#1","tintindex":0},"west":{"uv":[2.625,7.9375,2.875,8.0625],"texture":"#1","tintindex":0},"up":{"uv":[7.1875,4.6875,6.6875,4.3125],"texture":"#1","rotation":90,"tintindex":0},"down":{"uv":[8.5625,5.5,8.3125,5.6875],"texture":"#1","rotation":270,"tintindex":0}}},{"from":[-2.7468567,10.3797035,7.0],"to":[1.2531433,10.3797035,10.5],"rotation":{"origin":[-0.7468567,10.1126175,8.607913],"axis":"x","angle":-45.0},"faces":{"east":{"uv":[4.5,3.5,3.5,4.4375],"texture":"#1","tintindex":0},"south":{"uv":[8.5625,6.9375,9.5,7.25],"texture":"#1","rotation":270,"tintindex":0},"north":{"uv":[8.5,3.3125,9.4375,3.625],"texture":"#1","rotation":90,"tintindex":0},