{"display":{"gui":{"rotation":[30.0,225.0,0.0]}},"elements":[{"from":[10.746857,-10.67947,4.3857293],"to":[12.246857,-9.67947,6.3857293],"rotation":{"origin":[10.219079,-5.3447924,14.336703],"axis":"x","angle":45.0},"faces":{"east":{"uv":[2.625,8.0,2.875,8.125],"texture":"#1","rotation":180,"tintindex":0},"south":{"uv":[7.8125,4.3125,8.0625,4.4375],"texture":"#1","rotation":180,"tintindex":0},"north":{"uv":[2.625,7.9375,2.875,8.0625],"texture":"#1","rotation":180,"tintindex":0},"west":{"uv":[7.5,4.3125,7.6875,4.4375],"texture":"#1","rotation":180,"tintindex":0},"up":{"uv":[8.3125,5.625,8.5625,5.5],"texture":"#1","rotation":270,"tintindex":0},"down":{"uv":[8.0625,4.625,8.375,4.75],"texture":"#1","rotation":90,"tintindex":0}}},{"from":[14.746857,8.59553,8.715826],"to":[18.746857,12.09553,8.715826],"rotation":{"origin":[16.746857,10.1126175,8.607913],"axis":"x","angle":-45.0},"faces":{"south":{"uv":[12.625,7.9375,13.0625,7.4375],"texture":"#1","rotation":270,"tintindex":0},"north":{"uv":[12.625,7.9375,13.0625,7.4375],"texture":"#1","rotation":90,"tintindex":0},"west":{"uv":[4.5,4.4375,3.5,3.5],"texture":"#1","rotation":90,"tintindex":0},"up":{"uv":[8.5625,7.25,9.5,6.9375],"texture":"#1","rotation":270,"tintindex":0},"down":{"uv":[8.5,3.625,9.4375,3.3125],"texture":"#1","rotation":270,"tintindex":0}}},{"from":[10.746857,-1.8568459,2.2607293],"to":[12.246857,-0.85684586,4.2607293],"rotation":{"origin":[10.219079,4.7858524,7.3367033],"axis":"x","angle":-45.0},"faces":{"east":{"uv":[2.875,8.0,2.625,8.125],"texture":"#1","tintindex":0},"south":{"uv":[8.0625,4.3125,7.8125,4.4375],"texture":"#1","tintindex":0},"north":{"uv":[2.875,7.9375,2.625,8.0625],"texture":"#1","tintindex":0},"west":{"uv":[7.6875,4.3125,7.5,4.4375],"texture":"#1","tintindex":0},"up":{"uv":[7.1875,4.3125,6.6875,4.6875],"texture":"#1","rotation":90,"tintindex":0},"down":{"uv":[8.5625,5.625,8.3125,5.5],"texture":"#1","rotation":270,"tintindex":0}}},{"from":[13.746857,7.0047035,3.75],"to":[14.746857,9.5047035,6.25],"rotation":{"origin":[14.246857,8.2547035,3.5],"axis":"x","angle":-45.0},"faces":{"east":{"uv":[12.9375,6.125,12.625,6.4375],"texture":"#1","tintindex":0},"south":{"uv":[13.125,6.3125,13.25,6.625],"texture":"#1","tintindex":0},"north":{"uv":[12.125,6.6875,12.25,7.0],"texture":"#1","tintindex":0},"west":{"uv":[12.9375,6.5625,12.625,6.875],"texture":"#1","tintindex":0},"up":{"uv":[12.4375,6.5625,12.125,6.6875],"texture":"#1","rotation":90,"tintindex":0},"down":{"uv":[12.4375,6.375,12.125,6.5],"texture":"#1","rotation":270,"tintindex":0}}},{"from":[13.746857,9.0047035,7.25],"to":[14.746857,11.504705,9.75],"faces":{"east":{"uv":[12.9375,6.125,12.625,6.4375],"texture":"#1","tintindex":0},"south":{"uv":[13.125,6.3125,13.25,6.625],"texture":"#1","tintindex":0},"north":{"uv":[12.125,6.6875,12.25,7.0],"texture":"#1","tintindex":0},"west":{"uv":[12.9375,6.5625,12.625,6.875],"texture":"#1","tintindex":0},"up":{"uv":[12.4375,6.5625,12.125,6.6875],"texture":"#1","rotation":90,"tintindex":0},"down":{"uv":[12.4375,6.375,12.125,6.5],"texture":"#1","rotation":270,"tintindex":0}}},{"from":[14.746857,7.5955296,4.5908256],"to":[18.746857,11.09553,4.5908256],"faces":{"south":{"uv":[12.625,7.9375,13.0625,7.4375],"texture":"#1","rotation":270,"tintindex":0},"north":{"uv":[12.625,7.9375,13.0625,7.4375],"texture":"#1","rotation":90,"tintindex":0},"west":{"uv":[4.5,4.4375,3.5,3.5],"texture":"#1","rotation":90,"tintindex":0},"up":{"uv":[8.5625,7.25,9.5,6.9375],"texture":"#1","rotation":270,"tintindex":0},"down":{"uv":[8.5,3.625,9.4375,3.3125],"texture":"#1","rotation":270,"tintindex":0}}},{"from":[12.746857,12.004705,2.25],"to":[13.746857,14.504705,9.25],"faces":{"east":{"uv":[3.625,11.5625,2.75,11.875],"texture":"#1","tintindex":0},"south":{"uv":[3.75,11.3125,3.625,11.625],"texture":"#1","tintindex":0},"north":{"uv":[3.875,11.25,3.75,11.5625],"texture":"#1","tintindex":0},"west":{"uv":[3.625,11.25,2.75,11.5625],"texture":"#1","tintindex":0},"up":{"uv":[4.5,11.75,3.625,11.875],"texture":"#1","rotation":90,"tintindex":0},"down":{"uv":[4.5,11.75,3.625,11.625],"texture":"#1","rotation":270,"tintindex":0}}},{"from":[10.746857,-0.85684586,0.7607293],"to":[12.246857,4.143154,5.7607293],"rotation":{"origin":[10.219079,4.7858524,7.3367033],"axis":"x","angle":-45.0},"faces":{"east":{"uv":[3.25,7.9375,2.625,8.5625],"texture":"#1","tintindex":0},"south":{"uv":[1.1875,6.1875,1.0,6.8125],"texture":"#1","tintindex":0},"north":{"uv":[7.375,7.5,7.1875,8.125],"texture":"#1","tintindex":0},"west":{"uv":[3.25,3.8125,2.625,4.4375],"texture":"#1","tintindex":0},"up":{"uv":[7.3125,4.3125,6.6875,4.5],"texture":"#1","rotation":90,"tintindex":0},"down":{"uv":[4.875,10.4375,4.25,10.25],"texture":"#1","rotation":270,"tintindex":0}}},{"from":[10.746857,8.97053,7.1142707],"to":[12.246857,9.97053,9.114271],"rotation":{"origin":[10.219079,4.7858524,-0.8367033],"axis":"x","angle":45.0},"faces":{"east":{"uv":[2.625,8.0,2.875,8.125],"texture":"#1","tintindex":0},"south":{"uv":[2.625,7.9375,2.875,8.0625],"texture":"#1","tintindex":0},"north":{"uv":[7.8125,4.3125,8.0625,4.4375],"texture":"#1","tintindex":0},"west":{"uv":[7.5,4.3125,7.6875,4.4375],"texture":"#1","tintindex":0},"up":{"uv":[8.0625,4.625,8.375,4.75],"texture":"#1","rotation":90,"tintindex":0},"down":{"uv":[8.3125,5.625,8.5625,5.5],"texture":"#1","rotation":270,"tintindex":0}}},{"from":[6.2468567,2.5047035,9.25],"to":[13.746857,9.5047035,10.25],"faces":{"east":{"uv":[0.25,10.3125,0.125,11.1875],"texture":"#1","tintindex":0},"south":{"uv":[5.5,4.0625,4.5625,4.9375],"texture":"#1","tintindex":0},"north":{"uv":[2.375,4.6875,1.4375,5.5625],"texture":"#1","tintindex":0},"west":{"uv":[0.125,10.3125,0.0,11.1875],"texture":"#1","tintindex":0},"up":{"uv":[2.9375,10.0625,2.8125,11.0],"texture":"#1","rotation":90,"tintindex":0},"down":{"uv":[5.0,11.1875,4.875,10.25],"texture":"#1","rotation":270,"tintindex":0}}},{"from":[12.746857,7.0047035,2.25],"to":[13.746857,9.5047035,9.25],"faces":{"east":{"uv":[9.875,2.375,9.0,2.6875],"texture":"#1","tintindex":0},"south":{"uv":[6.0625,8.9375,5.9375,9.25],"texture":"#1","tintindex":0},"north":{"uv":[2.25,9.1875,2.125,9.5],"texture":"#1","tintindex":0},"west":{"uv":[2.25,8.875,1.375,9.1875],"texture":"#1","tintindex":0},"up":{"uv":[2.5625,1.5,1.6875,1.625],"texture":"#1","rotation":90,"tintindex":0},"down":{"uv":[6.3125,2.5,5.4375,2.375],"texture":"#1","rotation":270,"tintindex":0}}},{"from":[6.2468567,9.5047035,2.25],"to":[13.746857,12.004705,10.25],"faces":{"east":{"uv":[9.375,2.0625,8.375,2.375],"texture":"#1","tintindex":0},"south":{"uv":[9.4375,3.3125,8.5,3.625],"texture":"#1","tintindex":0},"north":{"uv":[9.5,6.9375,8.5625,7.25],"texture":"#1","tintindex":0},"west":{"uv":[9.25,6.625,8.25,6.9375],"texture":"#1","tintindex":0},"up":{"uv":[4.5,2.5625,3.5,3.5],"texture":"#1","rotation":90,"tintindex":0},"down":{"uv":[4.5,4.4375,3.5,3.5],"texture":"#1","rotation":270,"tintindex":0}}},{"from":[14.746857,10.3797035,7.0],"to":[18.746857,10.3797035,10.5],"rotation":{"origin":[16.746857,10.1126175,8.607913],"axis":"x","angle":-45.0},"faces":{"south":{"uv":[8.5625,7.25,9.5,6.9375],"texture":"#1","rotation":270,"tintindex":0},"north":{"uv":[8.5,3.625,9.4375,3.3125],"texture":"#1","rotation":90,"tintindex":0},"west":{"uv":[3.5,3.5,4.5,4.4375],"texture":"#1","tintindex":0},"up":{"uv":[12.625,7.9375,13.0625,7.4375],"texture":"#1","rotation":270,"tintindex":0},"down":{"uv":[12.625,7.9375,13.0625,7.4375],"texture":"#1","rotation":270,"tintindex":0}}},{"from":[8.246857,0.0047035217,4.25],"to":[11.246857,7.0047035,8.75],"faces":{"east":{"uv":[7.9375,7.4375,7.375,8.3125],"texture":"#1","tintindex":0},"south":{"uv":[8.625,0.625,8.25,1.5],"texture":"#1","tintindex":0},"north":{"uv":[8.625,5.1875,8.25,6.0625],"texture":"#1","tintindex":0},"west":{"uv":[5.8125,7.25,5.25,8.125],"texture":"#1","tintindex":0},"up":{"uv":[2.125,3.375,1.5625,3.75],"texture":"#1","rotation":90,"tintindex":0},"down":{"uv":[9.8125,8.4375,9.25,8.0625],"texture":"#1","rotation":270,