{"display":{"gui":{"rotation":[30.0,225.0,0.0]}},"elements":[{"from":[5.0,3.198308,1.3050604],"to":[11.0,11.198309,9.30506],"rotation":{"origin":[8.0,0.8249674,8.667721],"axis":"x","angle":22.5},"faces":{"east":{"uv":[5.125,9.125,5.625,9.625],"texture":"#1","tintindex":0},"south":{"uv":[8.9375,9.8125,9.3125,10.3125],"texture":"#1","tintindex":0},"north":{"uv":[9.3125,9.8125,9.6875,10.3125],"texture":"#1","tintindex":0},"west":{"uv":[9.125,5.1875,9.625,5.6875],"texture":"#1","tintindex":0},"up":{"uv":[1.875,10.25,1.375,9.875],"texture":"#1","rotation":90,"tintindex":0},"down":{"uv":[5.3125,9.875,4.8125,10.25],"texture":"#1","rotation":270,"tintindex":0}}},{"from":[2.0,-6.1647835,2.773748],"to":[14.0,5.8352165,16.773748],"faces":{"east":{"uv":[0.6875,3.375,1.5625,4.125],"texture":"#1","tintindex":0},"south":{"uv":[0.6875,4.5,1.4375,5.25],"texture":"#1","tintindex":0},"north":{"uv":[4.5,2.9375,5.25,3.6875],"texture":"#1","tintindex":0},"west":{"uv":[3.5,1.4375,4.375,2.1875],"texture":"#1","tintindex":0},"up":{"uv":[6.8125,0.75,5.9375,0.0],"texture":"#1","rotation":90,"tintindex":0},"down":{"uv":[6.875,2.9375,6.0,3.6875],"texture":"#1","rotation":270,"tintindex":0}}},{"from":[0.0,-9.05722,2.1297855],"to":[16.0,-1.0572214,19.129786],"rotation":{"origin":[8.0,0.8249674,8.667721],"axis":"x","angle":22.5},"faces":{"east":{"uv":[6.3125,7.0,7.375,7.5],"texture":"#1","tintindex":0},"south":{"uv":[1.4375,7.3125,2.4375,7.8125],"texture":"#1","tintindex":0},"north":{"uv":[7.4375,4.3125,8.4375,4.8125],"texture":"#1","tintindex":0},"west":{"uv":[2.5625,7.0625,3.625,7.5625],"texture":"#1","tintindex":0},"up":{"uv":[1.0625,3.375,0.0,2.375],"texture":"#1","rotation":90,"tintindex":0},"down":{"uv":[2.125,2.375,1.0625,3.375],"texture":"#1","rotation":270,"tintindex":0}}},{"from":[5.0,-1.0964346,16.842096],"to":[10.0,3.9035654,18.842096],"faces":{"east":{"uv":[13.25,6.3125,13.125,6.625],"texture":"#1","tintindex":0},"south":{"uv":[12.625,6.125,12.9375,6.4375],"texture":"#1","tintindex":0},"north":{"uv":[12.625,6.5625,12.9375,6.875],"texture":"#1","tintindex":0},"west":{"uv":[12.25,6.6875,12.125,7.0],"texture":"#1","tintindex":0},"up":{"uv":[12.4375,6.6875,12.125,6.5625],"texture":"#1","tintindex":0},"down":{"uv":[12.4375,6.5,12.125,6.375],"texture":"#1","tintindex":0}}}],"textures":{"1":"modelengine:entity/goblin_mech"}}