{"display":{"gui":{"rotation":[30.0,225.0,0.0]}},"elements":[{"from":[6.0,10.949749,14.199747],"to":[10.0,14.949749,18.199749],"rotation":{"origin":[8.0,12.949749,12.949747],"axis":"x","angle":-45.0},"faces":{"east":{"uv":[3.875,10.4375,3.625,10.6875],"texture":"#1","tintindex":0},"south":{"uv":[10.6875,2.375,10.4375,2.625],"texture":"#1","tintindex":0},"north":{"uv":[10.6875,3.875,10.4375,4.125],"texture":"#1","tintindex":0},"west":{"uv":[10.6875,2.0,10.4375,2.25],"texture":"#1","tintindex":0},"up":{"uv":[10.6875,4.125,10.4375,4.375],"texture":"#1","rotation":90,"tintindex":0},"down":{"uv":[4.5,10.6875,4.25,10.4375],"texture":"#1","rotation":270,"tintindex":0}}},{"from":[7.0,11.949749,5.199748],"to":[9.0,13.949749,14.199747],"rotation":{"origin":[8.0,12.949749,12.949747],"axis":"x","angle":-45.0},"faces":{"east":{"uv":[5.5,4.8125,6.0625,4.9375],"texture":"#1","tintindex":0},"south":{"uv":[7.8125,8.8125,7.9375,8.9375],"texture":"#1","tintindex":0},"north":{"uv":[8.875,7.25,9.0,7.375],"texture":"#1","tintindex":0},"west":{"uv":[6.8125,0.625,7.375,0.75],"texture":"#1","tintindex":0},"up":{"uv":[7.9375,0.75,7.375,0.625],"texture":"#1","rotation":90,"tintindex":0},"down":{"uv":[2.0,7.8125,1.4375,7.9375],"texture":"#1","rotation":270,"tintindex":0}}}],"textures":{"1":"modelengine:entity/goblin_mech"}}