{"display":{"gui":{"rotation":[30.0,225.0,0.0]}},"elements":[{"from":[7.1450624,5.8636246,6.1352253],"to":[11.1450615,9.863625,10.135225],"faces":{"east":{"uv":[8.75,7.5,9.75,8.5],"texture":"#2","tintindex":0},"south":{"uv":[8.75,8.5,9.75,9.5],"texture":"#2","tintindex":0},"north":{"uv":[8.75,6.5,9.75,7.5],"texture":"#2","tintindex":0},"west":{"uv":[0.0,9.0,1.0,10.0],"texture":"#2","tintindex":0},"up":{"uv":[10.0,1.0,9.0,0.0],"texture":"#2","tintindex":0},"down":{"uv":[2.0,9.0,1.0,10.0],"texture":"#2","tintindex":0}}},{"from":[8.815229,-2.7464485,7.1352253],"to":[11.815229,0.25355148,10.135225],"rotation":{"origin":[10.25,3.0,8.0],"axis":"z","angle":-22.5},"faces":{"east":{"uv":[11.0,6.5,11.75,7.25],"texture":"#2","tintindex":0},"south":{"uv":[8.5,11.0,9.25,11.75],"texture":"#2","tintindex":0},"north":{"uv":[11.0,5.75,11.75,6.5],"texture":"#2","tintindex":0},"west":{"uv":[9.25,11.0,10.0,11.75],"texture":"#2","tintindex":0},"up":{"uv":[2.25,12.0,1.5,11.25],"texture":"#2","tintindex":0},"down":{"uv":[12.0,3.0,11.25,3.75],"texture":"#2","tintindex":0}}},{"from":[8.6450615,-0.13637543,7.1352253],"to":[10.6450615,2.8636246,10.135225],"faces":{"east":{"uv":[11.25,7.25,12.0,8.0],"texture":"#2","tintindex":0},"south":{"uv":[12.0,1.5,12.5,2.25],"texture":"#2","tintindex":0},"north":{"uv":[1.5,12.0,2.0,12.75],"texture":"#2","tintindex":0},"west":{"uv":[11.25,8.0,12.0,8.75],"texture":"#2","tintindex":0},"up":{"uv":[12.5,3.5,12.0,2.75],"texture":"#2","tintindex":0},"down":{"uv":[12.5,3.5,12.0,4.25],"texture":"#2","tintindex":0}}},{"from":[8.6450615,2.8636246,7.1352253],"to":[10.6450615,5.8636246,10.135225],"faces":{"east":{"uv":[4.5,11.0,5.25,11.75],"texture":"#2","tintindex":0},"south":{"uv":[11.25,11.75,11.75,12.5],"texture":"#2","tintindex":0},"north":{"uv":[9.25,11.75,9.75,12.5],"texture":"#2","tintindex":0},"west":{"uv":[11.0,5.0,11.75,5.75],"texture":"#2","tintindex":0},"up":{"uv":[12.25,12.5,11.75,11.75],"texture":"#2","tintindex":0},"down":{"uv":[12.5,0.5,12.0,1.25],"texture":"#2","tintindex":0}}}],"textures":{"2":"modelengine:entity/goblin_engineer"}}