{"display":{"thirdperson_righthand":{"translation":[0.0,-1.75,3.5],"scale":[0.8,0.8,0.8]},"thirdperson_lefthand":{"translation":[0.0,-1.75,3.5],"scale":[0.8,0.8,0.8]},"firstperson_righthand":{"rotation":[26.0,35.16,0.31],"translation":[2.25,3.75,-2.25],"scale":[0.63671,0.63671,0.63671]},"firstperson_lefthand":{"rotation":[26.0,35.16,0.31],"translation":[2.25,3.75,-2.25],"scale":[0.63671,0.63671,0.63671]},"ground":{"rotation":[0.0,0.0,-80.0],"translation":[0.0,-1.0,-0.25],"scale":[0.555,0.55,0.55]},"gui":{"rotation":[-90.0,135.0,90.0],"translation":[-0.5,0.25,0.0],"scale":[0.8,0.8,0.8]},"head":{"scale":[0.0,0.0,0.0]},"fixed":{"rotation":[-90.0,-90.0,-90.0],"translation":[-2.75,-0.5,-3.0],"scale":[1.4,1.4,1.4]}},"elements":[{"from":[8.0,-8.5,9.72783],"to":[8.0,24.5,17.72783],"rotation":{"origin":[8.0,8.0,8.0],"axis":"y","angle":0.0},"faces":{"north":{"uv":[0.0,0.0,0.0,11.0],"texture":"#2"},"east":{"uv":[0.0,0.0,2.66667,11.0],"texture":"#2"},"south":{"uv":[0.0,0.0,0.0,11.0],"texture":"#2"},"west":{"uv":[2.66667,0.0,5.33333,11.0],"texture":"#2"},"up":{"uv":[0.0,2.66667,0.0,0.0],"texture":"#2"},"down":{"uv":[0.0,0.0,0.0,2.66667],"texture":"#2"}}},{"from":[7.25,5.0,2.47783],"to":[8.75,11.0,3.97783],"rotation":{"origin":[8.0,8.0,8.0],"axis":"y","angle":0.0},"faces":{"north":{"uv":[10.33333,2.0,10.83333,4.0],"texture":"#2"},"east":{"uv":[10.33333,4.0,10.83333,6.0],"texture":"#2"},"south":{"uv":[10.33333,6.0,10.83333,8.0],"texture":"#2"},"west":{"uv":[10.33333,8.0,10.83333,10.0],"texture":"#2"},"up":{"uv":[13.16667,5.83333,12.66667,5.33333],"texture":"#2"},"down":{"uv":[13.16667,6.0,12.66667,6.5],"texture":"#2"}}},{"from":[7.4,11.5,2.62783],"to":[8.6,12.0,3.82783],"rotation":{"origin":[8.0,8.0,8.0],"axis":"y","angle":0.0},"faces":{"north":{"uv":[10.0,13.33333,10.33333,13.5],"texture":"#2"},"east":{"uv":[13.33333,10.0,13.66667,10.16667],"texture":"#2"},"south":{"uv":[13.33333,10.33333,13.66667,10.5],"texture":"#2"},"west":{"uv":[13.33333,10.66667,13.66667,10.83333],"texture":"#2"},"up":{"uv":[11.66667,6.66667,11.33333,6.33333],"texture":"#2"},"down":{"uv":[0.33333,13.33333,0.0,13.66667],"texture":"#2"}}},{"from":[7.5,3.0,2.72783],"to":[8.5,13.0,3.72783],"rotation":{"origin":[8.0,8.0,8.0],"axis":"y","angle":0.0},"faces":{"north":{"uv":[9.33333,7.33333,9.66667,10.66667],"texture":"#2"},"east":{"uv":[9.66667,7.33333,10.0,10.66667],"texture":"#2"},"south":{"uv":[10.0,7.33333,10.33333,10.66667],"texture":"#2"},"west":{"uv":[8.66667,10.0,9.0,13.33333],"texture":"#2"},"up":{"uv":[0.66667,13.66667,0.33333,13.33333],"texture":"#2"},"down":{"uv":[1.0,13.33333,0.66667,13.66667],"texture":"#2"}}},{"from":[7.35,10.60183,0.21574],"to":[8.65,14.60183,2.21574],"rotation":{"origin":[8.0,8.0,8.0],"axis":"x","angle":22.5},"faces":{"north":{"uv":[8.0,11.0,8.5,12.33333],"texture":"#2"},"east":{"uv":[10.33333,10.0,11.0,11.33333],"texture":"#2"},"south":{"uv":[11.0,8.0,11.5,9.33333],"texture":"#2"},"west":{"uv":[9.0,10.66667,9.66667,12.0],"texture":"#2"},"up":{"uv":[7.83333,13.0,7.33333,12.33333],"texture":"#2"},"down":{"uv":[8.5,12.33333,8.0,13.0],"texture":"#2"}}},{"from":[7.0,12.19553,1.77217],"to":[9.0,14.19553,2.77217],"rotation":{"origin":[8.0,8.0,8.0],"axis":"y","angle":0.0},"faces":{"north":{"uv":[12.0,1.0,12.66667,1.66667],"texture":"#2"},"east":{"uv":[9.0,10.0,9.33333,10.66667],"texture":"#2"},"south":{"uv":[9.0,12.0,9.66667,12.66667],"texture":"#2"},"west":{"uv":[4.66667,12.66667,5.0,13.33333],"texture":"#2"},"up":{"uv":[13.33333,8.0,12.66667,7.66667],"texture":"#2"},"down":{"uv":[9.66667,12.66667,9.0,13.0],"texture":"#2"}}},{"from":[6.75,11.94553,1.67217],"to":[9.25,12.44553,2.87217],"rotation":{"origin":[8.0,8.0,8.0],"axis":"y","angle":0.0},"faces":{"north":{"uv":[13.0,9.66667,13.83333,9.83333],"texture":"#2"},"east":{"uv":[11.0,13.33333,11.33333,13.5],"texture":"#2"},"south":{"uv":[12.33333,13.0,13.16667,13.16667],"texture":"#2"},"west":{"uv":[13.33333,11.0,13.66667,11.16667],"texture":"#2"},"up":{"uv":[13.5,1.33333,12.66667,1.0],"texture":"#2"},"down":{"uv":[13.5,1.33333,12.66667,1.66667],"texture":"#2"}}},{"from":[5.75,18.94553,1.67217],"to":[10.25,19.44553,2.87217],"rotation":{"origin":[8.0,8.0,8.0],"axis":"y","angle":0.0},"faces":{"north":{"uv":[12.66667,4.33333,14.16667,4.5],"texture":"#2"},"east":{"uv":[11.33333,13.33333,11.66667,13.5],"texture":"#2"},"south":{"uv":[12.66667,6.66667,14.16667,6.83333],"texture":"#2"},"west":{"uv":[13.33333,11.33333,13.66667,11.5],"texture":"#2"},"up":{"uv":[13.16667,2.0,11.66667,1.66667],"texture":"#2"},"down":{"uv":[13.5,0.0,12.0,0.33333],"texture":"#2"}}},{"from":[9.25,13.94553,1.67217],"to":[10.25,14.44553,2.87217],"rotation":{"origin":[8.0,8.0,8.0],"axis":"y","angle":0.0},"faces":{"north":{"uv":[13.33333,11.66667,13.66667,11.83333],"texture":"#2"},"east":{"uv":[13.33333,12.0,13.66667,12.16667],"texture":"#2"},"south":{"uv":[12.33333,13.33333,12.66667,13.5],"texture":"#2"},"west":{"uv":[12.66667,13.33333,13.0,13.5],"texture":"#2"},"up":{"uv":[1.33333,13.66667,1.0,13.33333],"texture":"#2"},"down":{"uv":[13.66667,1.66667,13.33333,2.0],"texture":"#2"}}},{"from":[9.75,14.44553,1.67217],"to":[10.25,19.19553,2.87217],"rotation":{"origin":[8.0,8.0,8.0],"axis":"y","angle":0.0},"faces":{"north":{"uv":[12.66667,2.0,12.83333,3.66667],"texture":"#2"},"east":{"uv":[11.33333,4.66667,11.66667,6.33333],"texture":"#2"},"south":{"uv":[2.33333,12.66667,2.5,14.33333],"texture":"#2"},"west":{"uv":[10.33333,11.33333,10.66667,13.0],"texture":"#2"},"up":{"uv":[13.16667,13.66667,13.0,13.33333],"texture":"#2"},"down":{"uv":[13.5,13.0,13.33333,13.33333],"texture":"#2"}}},{"from":[5.75,14.44553,1.67217],"to":[6.25,19.19553,2.87217],"rotation":{"origin":[8.0,8.0,8.0],"axis":"y","angle":0.0},"faces":{"north":{"uv":[2.66667,12.66667,2.83333,14.33333],"texture":"#2"},"east":{"uv":[10.66667,11.33333,11.0,13.0],"texture":"#2"},"south":{"uv":[3.0,12.66667,3.16667,14.33333],"texture":"#2"},"west":{"uv":[11.66667,0.0,12.0,1.66667],"texture":"#2"},"up":{"uv":[13.5,13.66667,13.33333,13.33333],"texture":"#2"},"down":{"uv":[0.16667,13.66667,0.0,14.0],"texture":"#2"}}},{"from":[8.75,12.44553,1.67217],"to":[9.25,14.44553,2.87217],"rotation":{"origin":[8.0,8.0,8.0],"axis":"y","angle":0.0},"faces":{"north":{"uv":[2.0,13.33333,2.16667,14.0],"texture":"#2"},"east":{"uv":[9.66667,12.66667,10.0,13.33333],"texture":"#2"},"south":{"uv":[13.33333,2.0,13.5,2.66667],"texture":"#2"},"west":{"uv":[10.0,12.66667,10.33333,13.33333],"texture":"#2"},"up":{"uv":[13.83333,0.33333,13.66667,0.0],"texture":"#2"},"down":{"uv":[0.5,13.66667,0.33333,14.0],"texture":"#2"}}},{"from":[5.75,13.94553,1.67217],"to":[6.75,14.44553,2.87217],"rotation":{"origin":[8.0,8.0,8.0],"axis":"y","angle":0.0},"faces":{"north":{"uv":[13.66667,0.33333,14.0,0.5],"texture":"#2"},"east":{"uv":[0.66667,13.66667,1.0,13.83333],"texture":"#2"},"south":{"uv":[13.66667,0.66667,14.0,0.83333],"texture":"#2"},"west":{"uv":[1.0,13.66667,1.33333,13.83333],"texture":"#2"},"up":{"uv":[13.66667,3.0,13.33333,2.66667],"texture":"#2"},"down":{"uv":[13.66667,3.0,13.33333,3.33333],"texture":"#2"}}},{"from":[6.75,12.44553,1.67217],"to":[7.25,14.44553,2.87217],"rotation":{"origin":[8.0,8.0,8.0],"axis":"y","angle":0.0},"faces":{"north":{"uv":[4.66667,13.33333,4.83333,14.0],"texture":"#2"},"east":{"uv":[11.0,12.66667,11.33333,13.33333],"texture":"#2"},"south":{"uv":[5.0,13.33333,5.16667,14.0],"texture":"#2"},"west":{"uv":[11.33333,12.66667,11.66667,13.33333],"texture":"#2"},"up":{"uv":[13.83333,1.33333,13.66667,1.0],"texture":"#2"},"down":{"uv":[1.5,13.66667,1.33333,14.0],"texture":"#2"}}},{"from":[6.0,14.19553,1.77217],"to":[10.0,19.19553,2.77217],"rotation":{"origin":[8.0,8.0,8.0],"axis":"y","angle":0.0},"faces":{"north":{"uv":[7.33333,2.0,8.66667,3.66667],"texture":"#2"},"east":{"uv":[11.66667,4.66667,12.0,6.33333],"texture":"#2"},"south":{"uv":[7.33333,3.66667,8.66667,5.33333],"texture":"#2"},"west":{"uv":[5.33333,11.66667,5.66667,13.33333],"texture":"#2"},"up":{"uv":[13.33333,11.66667,12.0,11.33333],"texture":"#2"},