{"display":{"thirdperson_righthand":{"translation":[0.0,-1.75,3.5],"scale":[0.8,0.8,0.8]},"thirdperson_lefthand":{"translation":[0.0,-1.75,3.5],"scale":[0.8,0.8,0.8]},"firstperson_righthand":{"rotation":[0.0,0.0,-9.0],"translation":[5.75,2.5,-2.25],"scale":[0.63671,0.63671,0.63671]},"firstperson_lefthand":{"rotation":[0.0,0.0,-9.0],"translation":[5.75,2.5,-2.25],"scale":[0.63671,0.63671,0.63671]},"ground":{"rotation":[0.0,0.0,-80.0],"translation":[0.0,-1.0,-0.25],"scale":[0.555,0.55,0.55]},"gui":{"rotation":[-90.0,135.0,90.0],"translation":[-0.5,0.25,0.0],"scale":[0.8,0.8,0.8]},"head":{"scale":[0.0,0.0,0.0]},"fixed":{"rotation":[-90.0,-90.0,-90.0],"translation":[-2.75,-0.5,-3.0],"scale":[1.4,1.4,1.4]}},"elements":[{"from":[8.0,-8.5,9.72783],"to":[8.0,24.5,17.72783],"rotation":{"origin":[8.0,8.0,8.0],"axis":"y","angle":0.0},"faces":{"north":{"uv":[0.0,0.0,11.0,0.0],"texture":"#1","rotation":90},"east":{"uv":[11.0,2.66667,0.0,5.33333],"texture":"#1","rotation":270},"south":{"uv":[0.0,0.0,11.0,0.0],"texture":"#1","rotation":270},"west":{"uv":[11.0,2.66667,0.0,0.0],"texture":"#1","rotation":270},"up":{"uv":[0.0,0.0,2.66667,0.0],"texture":"#1","rotation":270},"down":{"uv":[0.0,0.0,2.66667,0.0],"texture":"#1","rotation":270}}},{"from":[7.25,5.0,2.47783],"to":[8.75,11.0,3.97783],"rotation":{"origin":[8.0,8.0,8.0],"axis":"y","angle":0.0},"faces":{"north":{"uv":[3.66667,8.33333,4.16667,10.33333],"texture":"#1"},"east":{"uv":[4.33333,8.33333,4.83333,10.33333],"texture":"#1"},"south":{"uv":[8.33333,5.33333,8.83333,7.33333],"texture":"#1"},"west":{"uv":[8.33333,7.33333,8.83333,9.33333],"texture":"#1"},"up":{"uv":[12.16667,2.16667,11.66667,1.66667],"texture":"#1"},"down":{"uv":[12.16667,3.66667,11.66667,4.16667],"texture":"#1"}}},{"from":[7.4,11.5,2.62783],"to":[8.6,12.0,3.82783],"rotation":{"origin":[8.0,8.0,8.0],"axis":"y","angle":0.0},"faces":{"north":{"uv":[7.0,12.33333,7.33333,12.5],"texture":"#1"},"east":{"uv":[12.33333,7.33333,12.66667,7.5],"texture":"#1"},"south":{"uv":[9.0,12.33333,9.33333,12.5],"texture":"#1"},"west":{"uv":[12.33333,9.0,12.66667,9.16667],"texture":"#1"},"up":{"uv":[5.33333,8.66667,5.0,8.33333],"texture":"#1"},"down":{"uv":[11.0,12.0,10.66667,12.33333],"texture":"#1"}}},{"from":[7.5,3.0,2.72783],"to":[8.5,13.0,3.72783],"rotation":{"origin":[8.0,8.0,8.0],"axis":"y","angle":0.0},"faces":{"north":{"uv":[7.33333,8.0,7.66667,11.33333],"texture":"#1"},"east":{"uv":[7.66667,8.0,8.0,11.33333],"texture":"#1"},"south":{"uv":[8.0,8.0,8.33333,11.33333],"texture":"#1"},"west":{"uv":[3.33333,8.33333,3.66667,11.66667],"texture":"#1"},"up":{"uv":[11.66667,12.33333,11.33333,12.0],"texture":"#1"},"down":{"uv":[12.33333,11.33333,12.0,11.66667],"texture":"#1"}}},{"from":[7.35,10.60183,0.21574],"to":[8.65,14.60183,2.21574],"rotation":{"origin":[8.0,8.0,8.0],"axis":"x","angle":22.5},"faces":{"north":{"uv":[9.66667,6.66667,10.16667,8.0],"texture":"#1"},"east":{"uv":[5.0,8.66667,5.66667,10.0],"texture":"#1"},"south":{"uv":[9.66667,8.0,10.16667,9.33333],"texture":"#1"},"west":{"uv":[5.66667,8.66667,6.33333,10.0],"texture":"#1"},"up":{"uv":[11.5,8.33333,11.0,7.66667],"texture":"#1"},"down":{"uv":[11.5,8.33333,11.0,9.0],"texture":"#1"}}},{"from":[7.0,12.19553,1.77217],"to":[9.0,14.19553,2.77217],"rotation":{"origin":[8.0,8.0,8.0],"axis":"y","angle":0.0},"faces":{"north":{"uv":[11.0,1.0,11.66667,1.66667],"texture":"#1"},"east":{"uv":[6.66667,11.66667,7.0,12.33333],"texture":"#1"},"south":{"uv":[11.0,1.66667,11.66667,2.33333],"texture":"#1"},"west":{"uv":[11.66667,8.33333,12.0,9.0],"texture":"#1"},"up":{"uv":[10.33333,12.0,9.66667,11.66667],"texture":"#1"},"down":{"uv":[11.0,11.66667,10.33333,12.0],"texture":"#1"}}},{"from":[6.75,11.94553,1.67217],"to":[9.25,12.44553,2.87217],"rotation":{"origin":[8.0,8.0,8.0],"axis":"y","angle":0.0},"faces":{"north":{"uv":[12.0,9.66667,12.83333,9.83333],"texture":"#1"},"east":{"uv":[12.33333,9.33333,12.66667,9.5],"texture":"#1"},"south":{"uv":[12.0,10.33333,12.83333,10.5],"texture":"#1"},"west":{"uv":[12.33333,10.0,12.66667,10.16667],"texture":"#1"},"up":{"uv":[10.5,11.66667,9.66667,11.33333],"texture":"#1"},"down":{"uv":[12.16667,10.0,11.33333,10.33333],"texture":"#1"}}},{"from":[5.75,18.94553,1.67217],"to":[10.25,19.44553,2.87217],"rotation":{"origin":[8.0,8.0,8.0],"axis":"y","angle":0.0},"faces":{"north":{"uv":[11.66667,5.33333,13.16667,5.5],"texture":"#1"},"east":{"uv":[10.66667,12.33333,11.0,12.5],"texture":"#1"},"south":{"uv":[11.66667,5.66667,13.16667,5.83333],"texture":"#1"},"west":{"uv":[11.0,12.33333,11.33333,12.5],"texture":"#1"},"up":{"uv":[11.16667,11.0,9.66667,10.66667],"texture":"#1"},"down":{"uv":[12.5,0.0,11.0,0.33333],"texture":"#1"}}},{"from":[9.25,13.94553,1.67217],"to":[10.25,14.44553,2.87217],"rotation":{"origin":[8.0,8.0,8.0],"axis":"y","angle":0.0},"faces":{"north":{"uv":[11.33333,12.33333,11.66667,12.5],"texture":"#1"},"east":{"uv":[12.33333,11.33333,12.66667,11.5],"texture":"#1"},"south":{"uv":[11.66667,12.33333,12.0,12.5],"texture":"#1"},"west":{"uv":[12.33333,11.66667,12.66667,11.83333],"texture":"#1"},"up":{"uv":[12.33333,12.0,12.0,11.66667],"texture":"#1"},"down":{"uv":[12.33333,12.0,12.0,12.33333],"texture":"#1"}}},{"from":[9.75,14.44553,1.67217],"to":[10.25,19.19553,2.87217],"rotation":{"origin":[8.0,8.0,8.0],"axis":"y","angle":0.0},"faces":{"north":{"uv":[8.0,11.33333,8.16667,13.0],"texture":"#1"},"east":{"uv":[6.33333,10.0,6.66667,11.66667],"texture":"#1"},"south":{"uv":[11.33333,10.33333,11.5,12.0],"texture":"#1"},"west":{"uv":[6.66667,10.0,7.0,11.66667],"texture":"#1"},"up":{"uv":[12.16667,12.66667,12.0,12.33333],"texture":"#1"},"down":{"uv":[12.5,12.0,12.33333,12.33333],"texture":"#1"}}},{"from":[5.75,14.44553,1.67217],"to":[6.25,19.19553,2.87217],"rotation":{"origin":[8.0,8.0,8.0],"axis":"y","angle":0.0},"faces":{"north":{"uv":[0.66667,11.66667,0.83333,13.33333],"texture":"#1"},"east":{"uv":[0.0,10.33333,0.33333,12.0],"texture":"#1"},"south":{"uv":[3.0,11.66667,3.16667,13.33333],"texture":"#1"},"west":{"uv":[0.33333,10.33333,0.66667,12.0],"texture":"#1"},"up":{"uv":[12.5,12.66667,12.33333,12.33333],"texture":"#1"},"down":{"uv":[0.16667,12.66667,0.0,13.0],"texture":"#1"}}},{"from":[8.75,12.44553,1.67217],"to":[9.25,14.44553,2.87217],"rotation":{"origin":[8.0,8.0,8.0],"axis":"y","angle":0.0},"faces":{"north":{"uv":[1.0,12.33333,1.16667,13.0],"texture":"#1"},"east":{"uv":[9.0,11.66667,9.33333,12.33333],"texture":"#1"},"south":{"uv":[1.33333,12.33333,1.5,13.0],"texture":"#1"},"west":{"uv":[11.66667,10.33333,12.0,11.0],"texture":"#1"},"up":{"uv":[12.83333,0.33333,12.66667,0.0],"texture":"#1"},"down":{"uv":[0.5,12.66667,0.33333,13.0],"texture":"#1"}}},{"from":[5.75,13.94553,1.67217],"to":[6.75,14.44553,2.87217],"rotation":{"origin":[8.0,8.0,8.0],"axis":"y","angle":0.0},"faces":{"north":{"uv":[12.66667,0.33333,13.0,0.5],"texture":"#1"},"east":{"uv":[12.66667,0.66667,13.0,0.83333],"texture":"#1"},"south":{"uv":[12.66667,1.0,13.0,1.16667],"texture":"#1"},"west":{"uv":[12.66667,1.33333,13.0,1.5],"texture":"#1"},"up":{"uv":[2.0,12.66667,1.66667,12.33333],"texture":"#1"},"down":{"uv":[12.66667,1.66667,12.33333,2.0],"texture":"#1"}}},{"from":[6.75,12.44553,1.67217],"to":[7.25,14.44553,2.87217],"rotation":{"origin":[8.0,8.0,8.0],"axis":"y","angle":0.0},"faces":{"north":{"uv":[2.0,12.33333,2.16667,13.0],"texture":"#1"},"east":{"uv":[11.0,11.66667,11.33333,12.33333],"texture":"#1"},"south":{"uv":[12.33333,2.0,12.5,2.66667],"texture":"#1"},"west":{"uv":[11.66667,11.0,12.0,11.66667],"texture":"#1"},"up":{"uv":[1.83333,13.0,1.66667,12.66667],"texture":"#1"},"down":{"uv":[12.83333,1.66667,12.66667,2.0],"texture":"#1"}}},{"from":[6.0,14.19553,1.77217],"to":[10.0,19.19553,2.77217],"rotation":{"origin":[8.0,8.0,8.0],"axis":"y","angle":0.0},"faces":{"north":{"uv":[0.0,5.33333,1.33333,7.0],"texture":"#1"},"east":{"uv":[10.33333,6.0,10.66667,7.66667],"texture":"#1"},"south":{"uv":[1.33333,5.33333,2.66667,7.0],"texture":"#1"},"west":{"uv":[10.33333,7.66667,10.66667,9.33333],"texture":"#1"},