{"display":{"gui":{"rotation":[30.0,225.0,0.0]}},"elements":[{"from":[4.75,2.9718752,4.2089467],"to":[4.75,8.971875,9.208946],"rotation":{"origin":[8.0,5.971875,6.7089467],"axis":"z","angle":-22.5},"faces":{"east":{"uv":[7.5,0.75,6.875,1.5],"texture":"#0","tintindex":0},"west":{"uv":[6.875,0.75,7.5,1.5],"texture":"#0","tintindex":0}}},{"from":[4.75,2.9718752,4.2089467],"to":[9.75,8.971875,4.2089467],"rotation":{"origin":[8.0,5.971875,6.7089467],"axis":"z","angle":-22.5},"faces":{"south":{"uv":[1.875,6.375,1.25,7.125],"texture":"#0","tintindex":0},"north":{"uv":[1.25,6.375,1.875,7.125],"texture":"#0","tintindex":0}}},{"from":[6.0,2.9718752,4.7089467],"to":[10.0,7.971875,8.708946],"faces":{"east":{"uv":[7.625,0.0,8.125,0.625],"texture":"#0","tintindex":0},"south":{"uv":[7.625,0.75,8.125,1.375],"texture":"#0","tintindex":0},"north":{"uv":[5.0,7.5,5.5,8.125],"texture":"#0","tintindex":0},"west":{"uv":[7.625,1.5,8.125,2.125],"texture":"#0","tintindex":0},"up":{"uv":[8.75,1.375,8.25,0.875],"texture":"#0","tintindex":0},"down":{"uv":[8.75,1.5,8.25,2.0],"texture":"#0","tintindex":0}}},{"from":[4.75,2.9718752,9.208946],"to":[9.75,8.971875,9.208946],"rotation":{"origin":[8.0,5.971875,6.7089467],"axis":"z","angle":-22.5},"faces":{"south":{"uv":[1.25,6.375,1.875,7.125],"texture":"#0","tintindex":0},"north":{"uv":[1.875,6.375,1.25,7.125],"texture":"#0","tintindex":0}}}],"textures":{"0":"modelengine:entity/dwarf_cleric"}}