{"display":{"gui":{"rotation":[30.0,225.0,0.0]}},"elements":[{"from":[5.63291,0.8118181,5.8964467],"to":[7.63291,1.8118181,7.8964467],"rotation":{"origin":[11.041087,3.522585,9.292893],"axis":"z","angle":-22.5},"faces":{"east":{"uv":[10.25,2.875,10.5,3.0],"texture":"#0","tintindex":0},"south":{"uv":[3.0,10.25,3.25,10.375],"texture":"#0","tintindex":0},"north":{"uv":[10.25,2.625,10.5,2.75],"texture":"#0","tintindex":0},"west":{"uv":[3.375,10.25,3.625,10.375],"texture":"#0","tintindex":0},"up":{"uv":[5.875,10.375,5.625,10.125],"texture":"#0","tintindex":0},"down":{"uv":[6.25,10.125,6.0,10.375],"texture":"#0","tintindex":0}}},{"from":[5.13291,-2.1881819,5.8964467],"to":[8.13291,0.8118181,7.8964467],"rotation":{"origin":[11.041087,3.522585,9.292893],"axis":"z","angle":-22.5},"faces":{"east":{"uv":[0.875,8.25,1.125,8.625],"texture":"#0","tintindex":0},"south":{"uv":[9.5,8.75,9.875,9.125],"texture":"#0","tintindex":0},"north":{"uv":[9.5,8.25,9.875,8.625],"texture":"#0","tintindex":0},"west":{"uv":[9.875,6.75,10.125,7.125],"texture":"#0","tintindex":0},"up":{"uv":[7.5,10.125,7.125,9.875],"texture":"#0","tintindex":0},"down":{"uv":[8.0,9.875,7.625,10.125],"texture":"#0","tintindex":0}}},{"from":[5.13291,1.8118181,5.8964467],"to":[8.13291,6.811819,7.8964467],"rotation":{"origin":[11.041087,3.522585,9.292893],"axis":"z","angle":-22.5},"faces":{"east":{"uv":[4.625,9.5,4.875,10.125],"texture":"#0","tintindex":0},"south":{"uv":[4.125,9.125,4.5,9.75],"texture":"#0","tintindex":0},"north":{"uv":[3.625,9.125,4.0,9.75],"texture":"#0","tintindex":0},"west":{"uv":[5.0,9.5,5.25,10.125],"texture":"#0","tintindex":0},"up":{"uv":[10.25,9.5,9.875,9.25],"texture":"#0","tintindex":0},"down":{"uv":[9.75,9.875,9.375,10.125],"texture":"#0","tintindex":0}}}],"textures":{"0":"modelengine:entity/dwarf_cleric"}}