{"display":{"gui":{"rotation":[30.0,225.0,0.0]}},"elements":[{"from":[7.1,5.799999,3.5],"to":[9.1,10.800001,12.0],"faces":{"east":{"uv":[11.25,10.25,12.3125,10.875],"texture":"#0","tintindex":0},"south":{"uv":[10.375,10.875,10.625,11.5],"texture":"#0","tintindex":0},"north":{"uv":[10.125,10.875,10.375,11.5],"texture":"#0","tintindex":0},"west":{"uv":[0.0,11.375,1.0625,12.0],"texture":"#0","tintindex":0},"up":{"uv":[9.0,10.6875,8.75,9.625],"texture":"#0","tintindex":0},"down":{"uv":[9.25,9.625,9.0,10.6875],"texture":"#0","tintindex":0}}},{"from":[-0.9000006,6.049999,5.5],"to":[8.1,10.550001,10.0],"faces":{"east":{"uv":[10.625,8.5,11.1875,9.0625],"texture":"#0","tintindex":0},"south":{"uv":[1.5,8.75,2.625,9.3125],"texture":"#0","tintindex":0},"north":{"uv":[8.0,8.625,9.125,9.1875],"texture":"#0","tintindex":0},"west":{"uv":[10.625,10.25,11.1875,10.8125],"texture":"#0","tintindex":0},"up":{"uv":[4.875,9.3125,3.75,8.75],"texture":"#0","tintindex":0},"down":{"uv":[10.0,4.0,8.875,4.5625],"texture":"#0","tintindex":0}}},{"from":[4.5999994,5.549999,5.0],"to":[8.6,11.050001,10.5],"faces":{"east":{"uv":[10.125,0.0,10.8125,0.6875],"texture":"#0","tintindex":0},"south":{"uv":[5.125,10.625,5.625,11.3125],"texture":"#0","tintindex":0},"north":{"uv":[3.0,10.625,3.5,11.3125],"texture":"#0","tintindex":0},"west":{"uv":[1.375,10.125,2.0625,10.8125],"texture":"#0","tintindex":0},"up":{"uv":[6.125,11.3125,5.625,10.625],"texture":"#0","tintindex":0},"down":{"uv":[11.125,7.25,10.625,7.9375],"texture":"#0","tintindex":0}}}],"textures":{"0":"modelengine:entity/ink_panda_main"}}