{"display":{"gui":{"rotation":[30.0,225.0,0.0]}},"elements":[{"from":[13.697628,3.5474682,1.0],"to":[17.697628,7.547468,8.0],"faces":{"east":{"uv":[7.3125,3.6875,7.75,3.9375],"texture":"#0","tintindex":0},"south":{"uv":[0.25,7.5,0.5,7.75],"texture":"#0","tintindex":0},"north":{"uv":[7.4375,6.125,7.6875,6.375],"texture":"#0","tintindex":0},"west":{"uv":[7.3125,6.8125,7.75,7.0625],"texture":"#0","tintindex":0},"up":{"uv":[7.5625,7.5,7.3125,7.0625],"texture":"#0","tintindex":0},"down":{"uv":[7.625,0.25,7.375,0.6875],"texture":"#0","tintindex":0}}},{"from":[9.0,4.7683716E-7,3.0],"to":[16.0,9.0,13.0],"rotation":{"origin":[11.0,5.0,6.0],"axis":"z","angle":22.5},"faces":{"east":{"uv":[5.1875,1.5625,5.8125,2.125],"texture":"#0","tintindex":0},"south":{"uv":[0.0,6.3125,0.4375,6.875],"texture":"#0","tintindex":0},"north":{"uv":[6.25,3.125,6.6875,3.6875],"texture":"#0","tintindex":0},"west":{"uv":[1.9375,5.1875,2.5625,5.75],"texture":"#0","tintindex":0},"up":{"uv":[4.9375,6.75,4.5,6.125],"texture":"#0","tintindex":0},"down":{"uv":[5.375,6.125,4.9375,6.75],"texture":"#0","tintindex":0}}}],"textures":{"0":"modelengine:entity/lr_minotaur"}}