{"display":{"gui":{"rotation":[30.0,225.0,0.0]}},"elements":[{"from":[5.904009,-0.24073982,2.3235888],"to":[9.904009,8.75926,6.3235884],"rotation":{"origin":[8.904009,4.25926,5.3235884],"axis":"x","angle":22.5},"faces":{"east":{"uv":[5.0625,7.125,5.3125,7.6875],"texture":"#0","tintindex":0},"south":{"uv":[5.3125,7.125,5.5625,7.6875],"texture":"#0","tintindex":0},"north":{"uv":[4.8125,7.125,5.0625,7.6875],"texture":"#0","tintindex":0},"west":{"uv":[7.1875,2.4375,7.4375,3.0],"texture":"#0","tintindex":0},"up":{"uv":[7.1875,6.25,6.9375,6.0],"texture":"#0","tintindex":0},"down":{"uv":[7.6875,5.875,7.4375,6.125],"texture":"#0","tintindex":0}}},{"from":[4.904009,-3.1984892,-2.8614817],"to":[10.904009,1.8015108,5.1385183],"faces":{"east":{"uv":[6.9375,5.375,7.4375,5.6875],"texture":"#0","tintindex":0},"south":{"uv":[7.3125,1.6875,7.6875,2.0],"texture":"#0","tintindex":0},"north":{"uv":[7.25,3.375,7.625,3.6875],"texture":"#0","tintindex":0},"west":{"uv":[6.9375,5.6875,7.4375,6.0],"texture":"#0","tintindex":0},"up":{"uv":[0.75,4.875,0.375,4.375],"texture":"#0","tintindex":0},"down":{"uv":[7.1875,4.625,6.8125,5.125],"texture":"#0","tintindex":0}}}],"textures":{"0":"modelengine:entity/lr_minotaur"}}