{"display":{"gui":{"rotation":[30.0,225.0,0.0]}},"elements":[{"from":[5.0,-3.9144716,8.111031],"to":[11.0,2.0855284,14.111031],"faces":{"east":{"uv":[4.0625,7.125,3.6875,7.5],"texture":"#0","tintindex":0},"south":{"uv":[3.6875,7.0625,3.3125,7.4375],"texture":"#0","tintindex":0},"north":{"uv":[2.9375,7.0625,2.5625,7.4375],"texture":"#0","tintindex":0},"west":{"uv":[3.3125,7.0625,2.9375,7.4375],"texture":"#0","tintindex":0},"up":{"uv":[4.0625,7.5,4.4375,7.125],"texture":"#0","tintindex":0},"down":{"uv":[4.4375,7.125,4.8125,7.5],"texture":"#0","tintindex":0}}},{"from":[4.5,2.0855284,8.111031],"to":[11.5,10.085528,16.11103],"faces":{"east":{"uv":[3.75,6.1875,3.25,6.6875],"texture":"#0","tintindex":0},"south":{"uv":[2.25,6.3125,1.8125,6.8125],"texture":"#0","tintindex":0},"north":{"uv":[6.75,1.75,6.3125,2.25],"texture":"#0","tintindex":0},"west":{"uv":[3.25,6.1875,2.75,6.6875],"texture":"#0","tintindex":0},"up":{"uv":[6.375,1.375,6.8125,0.875],"texture":"#0","tintindex":0},"down":{"uv":[0.9375,6.4375,1.375,6.9375],"texture":"#0","tintindex":0}}}],"textures":{"0":"modelengine:entity/lr_minotaur"}}