{"display":{"gui":{"rotation":[30.0,225.0,0.0]}},"elements":[{"from":[5.095991,-3.1984892,-2.8614817],"to":[11.095991,1.8015108,5.1385183],"faces":{"east":{"uv":[7.4375,5.6875,6.9375,6.0],"texture":"#0","tintindex":0},"south":{"uv":[7.6875,1.6875,7.3125,2.0],"texture":"#0","tintindex":0},"north":{"uv":[7.625,3.375,7.25,3.6875],"texture":"#0","tintindex":0},"west":{"uv":[7.4375,5.375,6.9375,5.6875],"texture":"#0","tintindex":0},"up":{"uv":[0.375,4.875,0.75,4.375],"texture":"#0","tintindex":0},"down":{"uv":[6.8125,4.625,7.1875,5.125],"texture":"#0","tintindex":0}}},{"from":[6.095991,-0.24073982,2.3235888],"to":[10.095991,8.75926,6.3235884],"rotation":{"origin":[7.095991,4.25926,5.3235884],"axis":"x","angle":22.5},"faces":{"east":{"uv":[7.4375,2.4375,7.1875,3.0],"texture":"#0","tintindex":0},"south":{"uv":[5.5625,7.125,5.3125,7.6875],"texture":"#0","tintindex":0},"north":{"uv":[5.0625,7.125,4.8125,7.6875],"texture":"#0","tintindex":0},"west":{"uv":[5.3125,7.125,5.0625,7.6875],"texture":"#0","tintindex":0},"up":{"uv":[6.9375,6.25,7.1875,6.0],"texture":"#0","tintindex":0},"down":{"uv":[7.4375,5.875,7.6875,6.125],"texture":"#0","tintindex":0}}}],"textures":{"0":"modelengine:entity/lr_minotaur"}}