{"display":{"gui":{"rotation":[30.0,225.0,0.0]}},"elements":[{"from":[25.30769,-3.7620068,3.2374897],"to":[26.312689,1.2629938,4.24249],"rotation":{"origin":[6.5784464,-19.625252,27.667595],"axis":"z","angle":45.0},"faces":{"east":{"uv":[10.75,6.5,11.0,7.75],"texture":"#1","rotation":180,"tintindex":0},"south":{"uv":[10.75,7.75,11.0,6.5],"texture":"#1","tintindex":0},"north":{"uv":[10.75,6.5,11.0,7.75],"texture":"#1","rotation":180,"tintindex":0},"west":{"uv":[10.75,6.5,11.0,7.75],"texture":"#1","rotation":180,"tintindex":0},"up":{"uv":[10.75,7.5,11.0,7.75],"texture":"#1","tintindex":0},"down":{"uv":[11.0,6.5,10.75,6.75],"texture":"#1","rotation":180,"tintindex":0}}},{"from":[24.302689,-5.772006,3.2374897],"to":[25.30769,0.2579937,4.24249],"rotation":{"origin":[6.5784464,-19.625252,27.667595],"axis":"z","angle":45.0},"faces":{"east":{"uv":[10.5,6.0,10.75,7.5],"texture":"#1","rotation":180,"tintindex":0},"south":{"uv":[10.5,7.5,10.75,6.0],"texture":"#1","tintindex":0},"north":{"uv":[10.5,6.0,10.75,7.5],"texture":"#1","rotation":180,"tintindex":0},"west":{"uv":[10.5,6.0,10.75,7.5],"texture":"#1","rotation":180,"tintindex":0},"up":{"uv":[10.5,7.25,10.75,7.5],"texture":"#1","tintindex":0},"down":{"uv":[10.75,6.0,10.5,6.25],"texture":"#1","rotation":180,"tintindex":0}}},{"from":[16.262688,-3.7620068,3.2374897],"to":[17.267689,-2.7570057,4.24249],"rotation":{"origin":[6.5784464,-19.625252,27.667595],"axis":"z","angle":45.0},"faces":{"east":{"uv":[8.5,6.5,8.75,6.75],"texture":"#1","rotation":180,"tintindex":0},"south":{"uv":[8.5,6.75,8.75,6.5],"texture":"#1","tintindex":0},"north":{"uv":[8.5,6.5,8.75,6.75],"texture":"#1","rotation":180,"tintindex":0},"west":{"uv":[8.5,6.5,8.75,6.75],"texture":"#1","rotation":180,"tintindex":0},"up":{"uv":[8.5,6.5,8.75,6.75],"texture":"#1","tintindex":0},"down":{"uv":[8.75,6.5,8.5,6.75],"texture":"#1","rotation":180,"tintindex":0}}},{"from":[20.282688,-13.812006,3.2374897],"to":[23.29769,-10.797007,4.24249],"rotation":{"origin":[6.5784464,-19.625252,27.667595],"axis":"z","angle":45.0},"faces":{"east":{"uv":[10.0,4.0,10.25,4.75],"texture":"#1","rotation":180,"tintindex":0},"south":{"uv":[9.5,4.75,10.25,4.0],"texture":"#1","tintindex":0},"north":{"uv":[9.5,4.0,10.25,4.75],"texture":"#1","rotation":180,"tintindex":0},"west":{"uv":[9.5,4.0,9.75,4.75],"texture":"#1","rotation":180,"tintindex":0},"up":{"uv":[9.5,4.5,10.25,4.75],"texture":"#1","tintindex":0},"down":{"uv":[10.25,4.0,9.5,4.25],"texture":"#1","rotation":180,"tintindex":0}}},{"from":[16.262688,-10.797007,3.2374897],"to":[17.267689,-6.777006,4.24249],"rotation":{"origin":[6.5784464,-19.625252,27.667595],"axis":"z","angle":45.0},"faces":{"east":{"uv":[8.5,4.75,8.75,5.75],"texture":"#1","rotation":180,"tintindex":0},"south":{"uv":[8.5,5.75,8.75,4.75],"texture":"#1","tintindex":0},"north":{"uv":[8.5,4.75,8.75,5.75],"texture":"#1","rotation":180,"tintindex":0},"west":{"uv":[8.5,4.75,8.75,5.75],"texture":"#1","rotation":180,"tintindex":0},"up":{"uv":[8.5,5.5,8.75,5.75],"texture":"#1","tintindex":0},"down":{"uv":[8.75,4.75,8.5,5.0],"texture":"#1","rotation":180,"tintindex":0}}},{"from":[18.27269,-12.807007,3.2374897],"to":[20.282688,-4.767006,4.24249],"rotation":{"origin":[6.5784464,-19.625252,27.667595],"axis":"z","angle":45.0},"faces":{"east":{"uv":[9.25,4.25,9.5,6.25],"texture":"#1","rotation":180,"tintindex":0},"south":{"uv":[9.0,6.25,9.5,4.25],"texture":"#1","tintindex":0},"north":{"uv":[9.0,4.25,9.5,6.25],"texture":"#1","rotation":180,"tintindex":0},"west":{"uv":[9.0,4.25,9.25,6.25],"texture":"#1","rotation":180,"tintindex":0},"up":{"uv":[9.0,6.0,9.5,6.25],"texture":"#1","tintindex":0},"down":{"uv":[9.5,4.25,9.0,4.5],"texture":"#1","rotation":180,"tintindex":0}}},{"from":[15.2576885,-12.807007,3.2374897],"to":[17.267689,-11.802006,4.24249],"rotation":{"origin":[6.5784464,-19.625252,27.667595],"axis":"z","angle":45.0},"faces":{"east":{"uv":[8.5,4.25,8.75,4.5],"texture":"#1","rotation":180,"tintindex":0},"south":{"uv":[8.25,4.5,8.75,4.25],"texture":"#1","tintindex":0},"north":{"uv":[8.25,4.25,8.75,4.5],"texture":"#1","rotation":180,"tintindex":0},"west":{"uv":[8.25,4.25,8.5,4.5],"texture":"#1","rotation":180,"tintindex":0},"up":{"uv":[8.25,4.25,8.75,4.5],"texture":"#1","tintindex":0},"down":{"uv":[8.75,4.25,8.25,4.5],"texture":"#1","rotation":180,"tintindex":0}}},{"from":[14.252689,-11.802006,3.2374897],"to":[15.2576885,-9.792006,4.24249],"rotation":{"origin":[6.5784464,-19.625252,27.667595],"axis":"z","angle":45.0},"faces":{"east":{"uv":[8.0,4.5,8.25,5.0],"texture":"#1","rotation":180,"tintindex":0},"south":{"uv":[8.0,5.0,8.25,4.5],"texture":"#1","tintindex":0},"north":{"uv":[8.0,4.5,8.25,5.0],"texture":"#1","rotation":180,"tintindex":0},"west":{"uv":[8.0,4.5,8.25,5.0],"texture":"#1","rotation":180,"tintindex":0},"up":{"uv":[8.0,4.75,8.25,5.0],"texture":"#1","tintindex":0},"down":{"uv":[8.25,4.5,8.0,4.75],"texture":"#1","rotation":180,"tintindex":0}}},{"from":[20.282688,-9.792006,3.2374897],"to":[21.28769,-2.7570057,4.24249],"rotation":{"origin":[6.5784464,-19.625252,27.667595],"axis":"z","angle":45.0},"faces":{"east":{"uv":[9.5,5.0,9.75,6.75],"texture":"#1","rotation":180,"tintindex":0},"south":{"uv":[9.5,6.75,9.75,5.0],"texture":"#1","tintindex":0},"north":{"uv":[9.5,5.0,9.75,6.75],"texture":"#1","rotation":180,"tintindex":0},"west":{"uv":[9.5,5.0,9.75,6.75],"texture":"#1","rotation":180,"tintindex":0},"up":{"uv":[9.5,6.5,9.75,6.75],"texture":"#1","tintindex":0},"down":{"uv":[9.75,5.0,9.5,5.25],"texture":"#1","rotation":180,"tintindex":0}}},{"from":[23.29769,-6.777006,3.2374897],"to":[24.302689,-0.7470064,4.24249],"rotation":{"origin":[6.5784464,-19.625252,27.667595],"axis":"z","angle":45.0},"faces":{"east":{"uv":[10.25,5.75,10.5,7.25],"texture":"#1","rotation":180,"tintindex":0},"south":{"uv":[10.25,7.25,10.5,5.75],"texture":"#1","tintindex":0},"north":{"uv":[10.25,5.75,10.5,7.25],"texture":"#1","rotation":180,"tintindex":0},"west":{"uv":[10.25,5.75,10.5,7.25],"texture":"#1","rotation":180,"tintindex":0},"up":{"uv":[10.25,7.0,10.5,7.25],"texture":"#1","tintindex":0},"down":{"uv":[10.5,5.75,10.25,6.0],"texture":"#1","rotation":180,"tintindex":0}}},{"from":[15.2576885,-2.7570057,3.2374897],"to":[16.262688,-1.7520065,4.24249],"rotation":{"origin":[6.5784464,-19.625252,27.667595],"axis":"z","angle":45.0},"faces":{"east":{"uv":[8.25,6.75,8.5,7.0],"texture":"#1","rotation":180,"tintindex":0},"south":{"uv":[8.25,7.0,8.5,6.75],"texture":"#1","tintindex":0},"north":{"uv":[8.25,6.75,8.5,7.0],"texture":"#1","rotation":180,"tintindex":0},"west":{"uv":[8.25,6.75,8.5,7.0],"texture":"#1","rotation":180,"tintindex":0},"up":{"uv":[8.25,6.75,8.5,7.0],"texture":"#1","tintindex":0},"down":{"uv":[8.5,6.75,8.25,7.0],"texture":"#1","rotation":180,"tintindex":0}}},{"from":[24.302689,-14.817005,3.2374897],"to":[25.30769,-10.797007,4.24249],"rotation":{"origin":[6.5784464,-19.625252,27.667595],"axis":"z","angle":45.0},"faces":{"east":{"uv":[10.5,3.75,10.75,4.75],"texture":"#1","rotation":180,"tintindex":0},"south":{"uv":[10.5,4.75,10.75,3.75],"texture":"#1","tintindex":0},"north":{"uv":[10.5,3.75,10.75,4.75],"texture":"#1","rotation":180,"tintindex":0},"west":{"uv":[10.5,3.75,10.75,4.75],"texture":"#1","rotation":180,"tintindex":0},"up":{"uv":[10.5,4.5,10.75,4.75],"texture":"#1","tintindex":0},"down":{"uv":[10.75,3.75,10.5,4.0],"texture":"#1","rotation":180,"tintindex":0}}},{"from":[15.2576885,-9.792006,3.2374897],"to":[16.262688,-4.767006,4.24249],"rotation":{"origin":[6.5784464,-19.625252,27.667595],"axis":"z","angle":45.0},"faces":{"east":{"uv":[8.25,5.0,8.5,6.25],"texture":"#1","rotation":180,"tintindex":0},"south":{"uv":[8.25,6.25,8.5,5.0],"texture":"#1","tintindex":0},"north":{"uv":[8.25,5.0,8.5,6.25],"texture":"#1","rotation":180,"tintindex":0},"west":{"uv":[8.25,5.0,8.5,6.25],"texture":"#1","rotation":180,"tintindex":0},"up":{"uv":[8.25,6.0,8.5,6.25],"texture":"#1","tintindex":0},"down":{"uv":[8.5,5.0,8.25,5.25],"texture":"#1","rotation":180,