{"display":{"gui":{"rotation":[30.0,225.0,0.0]}},"elements":[{"from":[7.4471664,9.309835,-7.4266644],"to":[8.4521675,10.314835,-4.411664],"rotation":{"origin":[-18.210333,15.802025,4.820757],"axis":"x","angle":-45.0},"faces":{"east":{"uv":[2.0,6.0,2.25,5.25],"texture":"#1","rotation":270,"tintindex":0},"south":{"uv":[2.0,5.75,2.25,6.0],"texture":"#1","rotation":270,"tintindex":0},"north":{"uv":[2.25,5.25,2.0,5.5],"texture":"#1","rotation":90,"tintindex":0},"west":{"uv":[2.0,5.25,2.25,6.0],"texture":"#1","rotation":270,"tintindex":0},"up":{"uv":[2.0,5.25,2.25,6.0],"texture":"#1","tintindex":0},"down":{"uv":[2.0,5.25,2.25,6.0],"texture":"#1","rotation":180,"tintindex":0}}},{"from":[7.4471664,15.339834,-4.411664],"to":[8.4521675,16.344835,-3.4066648],"rotation":{"origin":[-18.210333,15.802025,4.820757],"axis":"x","angle":-45.0},"faces":{"east":{"uv":[3.5,6.25,3.75,6.0],"texture":"#1","rotation":270,"tintindex":0},"south":{"uv":[3.5,6.0,3.75,6.25],"texture":"#1","rotation":270,"tintindex":0},"north":{"uv":[3.75,6.0,3.5,6.25],"texture":"#1","rotation":90,"tintindex":0},"west":{"uv":[3.5,6.0,3.75,6.25],"texture":"#1","rotation":270,"tintindex":0},"up":{"uv":[3.5,6.0,3.75,6.25],"texture":"#1","tintindex":0},"down":{"uv":[3.5,6.0,3.75,6.25],"texture":"#1","rotation":180,"tintindex":0}}},{"from":[7.4471664,4.284835,-2.4016647],"to":[8.4521675,5.289835,-0.3916645],"rotation":{"origin":[-18.210333,15.802025,4.820757],"axis":"x","angle":-45.0},"faces":{"east":{"uv":[0.75,7.0,1.0,6.5],"texture":"#1","rotation":270,"tintindex":0},"south":{"uv":[0.75,6.75,1.0,7.0],"texture":"#1","rotation":270,"tintindex":0},"north":{"uv":[1.0,6.5,0.75,6.75],"texture":"#1","rotation":90,"tintindex":0},"west":{"uv":[0.75,6.5,1.0,7.0],"texture":"#1","rotation":270,"tintindex":0},"up":{"uv":[0.75,6.5,1.0,7.0],"texture":"#1","tintindex":0},"down":{"uv":[0.75,6.5,1.0,7.0],"texture":"#1","rotation":180,"tintindex":0}}},{"from":[7.4471664,16.344835,-9.436665],"to":[8.4521675,17.349834,-4.411664],"rotation":{"origin":[-18.210333,15.802025,4.820757],"axis":"x","angle":-45.0},"faces":{"east":{"uv":[3.75,6.0,4.0,4.75],"texture":"#1","rotation":270,"tintindex":0},"south":{"uv":[3.75,5.75,4.0,6.0],"texture":"#1","rotation":270,"tintindex":0},"north":{"uv":[4.0,4.75,3.75,5.0],"texture":"#1","rotation":90,"tintindex":0},"west":{"uv":[3.75,4.75,4.0,6.0],"texture":"#1","rotation":270,"tintindex":0},"up":{"uv":[3.75,4.75,4.0,6.0],"texture":"#1","tintindex":0},"down":{"uv":[3.75,4.75,4.0,6.0],"texture":"#1","rotation":180,"tintindex":0}}},{"from":[7.4471664,8.304834,-13.456665],"to":[8.4521675,13.329834,-10.441666],"rotation":{"origin":[-18.210333,15.802025,4.820757],"axis":"x","angle":-45.0},"faces":{"east":{"uv":[1.75,4.5,3.0,3.75],"texture":"#1","rotation":270,"tintindex":0},"south":{"uv":[1.75,4.25,3.0,4.5],"texture":"#1","rotation":270,"tintindex":0},"north":{"uv":[3.0,3.75,1.75,4.0],"texture":"#1","rotation":90,"tintindex":0},"west":{"uv":[1.75,3.75,3.0,4.5],"texture":"#1","rotation":270,"tintindex":0},"up":{"uv":[2.75,3.75,3.0,4.5],"texture":"#1","tintindex":0},"down":{"uv":[1.75,3.75,2.0,4.5],"texture":"#1","rotation":180,"tintindex":0}}},{"from":[7.01,2.0,4.0],"to":[9.51,8.0,7.5],"faces":{"east":{"uv":[10.0,6.5,11.0,8.0],"texture":"#4","tintindex":0},"south":{"uv":[12.75,6.5,13.5,8.0],"texture":"#4","tintindex":0},"north":{"uv":[11.0,6.5,11.75,8.0],"texture":"#4","tintindex":0},"west":{"uv":[11.75,6.5,12.75,8.0],"texture":"#4","tintindex":0},"up":{"uv":[11.75,4.0,11.0,5.0],"texture":"#4","tintindex":0},"down":{"uv":[12.5,4.0,11.75,5.0],"texture":"#4","tintindex":0}}},{"from":[7.4471664,7.2998343,-12.451664],"to":[8.4521675,8.304834,-11.446663],"rotation":{"origin":[-18.210333,15.802025,4.820757],"axis":"x","angle":-45.0},"faces":{"east":{"uv":[1.5,4.25,1.75,4.0],"texture":"#1","rotation":270,"tintindex":0},"south":{"uv":[1.5,4.0,1.75,4.25],"texture":"#1","rotation":270,"tintindex":0},"north":{"uv":[1.75,4.0,1.5,4.25],"texture":"#1","rotation":90,"tintindex":0},"west":{"uv":[1.5,4.0,1.75,4.25],"texture":"#1","rotation":270,"tintindex":0},"up":{"uv":[1.5,4.0,1.75,4.25],"texture":"#1","tintindex":0},"down":{"uv":[1.5,4.0,1.75,4.25],"texture":"#1","rotation":180,"tintindex":0}}},{"from":[7.4471664,13.329834,-12.451664],"to":[8.4521675,16.344835,-8.4316635],"rotation":{"origin":[-18.210333,15.802025,4.820757],"axis":"x","angle":-45.0},"faces":{"east":{"uv":[3.0,5.0,3.75,4.0],"texture":"#1","rotation":270,"tintindex":0},"south":{"uv":[3.0,4.75,3.75,5.0],"texture":"#1","rotation":270,"tintindex":0},"north":{"uv":[3.75,4.0,3.0,4.25],"texture":"#1","rotation":90,"tintindex":0},"west":{"uv":[3.0,4.0,3.75,5.0],"texture":"#1","rotation":270,"tintindex":0},"up":{"uv":[3.5,4.0,3.75,5.0],"texture":"#1","tintindex":0},"down":{"uv":[3.0,4.0,3.25,5.0],"texture":"#1","rotation":180,"tintindex":0}}},{"from":[7.4471664,11.319834,-9.436665],"to":[8.4521675,12.324835,-6.421664],"rotation":{"origin":[-18.210333,15.802025,4.820757],"axis":"x","angle":-45.0},"faces":{"east":{"uv":[2.5,5.5,2.75,4.75],"texture":"#1","rotation":270,"tintindex":0},"south":{"uv":[2.5,5.25,2.75,5.5],"texture":"#1","rotation":270,"tintindex":0},"north":{"uv":[2.75,4.75,2.5,5.0],"texture":"#1","rotation":90,"tintindex":0},"west":{"uv":[2.5,4.75,2.75,5.5],"texture":"#1","rotation":270,"tintindex":0},"up":{"uv":[2.5,4.75,2.75,5.5],"texture":"#1","tintindex":0},"down":{"uv":[2.5,4.75,2.75,5.5],"texture":"#1","rotation":180,"tintindex":0}}},{"from":[7.4471664,7.2998343,-5.416664],"to":[8.4521675,8.304834,-2.4016647],"rotation":{"origin":[-18.210333,15.802025,4.820757],"axis":"x","angle":-45.0},"faces":{"east":{"uv":[1.5,6.5,1.75,5.75],"texture":"#1","rotation":270,"tintindex":0},"south":{"uv":[1.5,6.25,1.75,6.5],"texture":"#1","rotation":270,"tintindex":0},"north":{"uv":[1.75,5.75,1.5,6.0],"texture":"#1","rotation":90,"tintindex":0},"west":{"uv":[1.5,5.75,1.75,6.5],"texture":"#1","rotation":270,"tintindex":0},"up":{"uv":[1.5,5.75,1.75,6.5],"texture":"#1","tintindex":0},"down":{"uv":[1.5,5.75,1.75,6.5],"texture":"#1","rotation":180,"tintindex":0}}},{"from":[7.4471664,14.334835,-8.4316635],"to":[8.4521675,16.344835,-4.411664],"rotation":{"origin":[-18.210333,15.802025,4.820757],"axis":"x","angle":-45.0},"faces":{"east":{"uv":[3.25,6.0,3.75,5.0],"texture":"#1","rotation":270,"tintindex":0},"south":{"uv":[3.25,5.75,3.75,6.0],"texture":"#1","rotation":270,"tintindex":0},"north":{"uv":[3.75,5.0,3.25,5.25],"texture":"#1","rotation":90,"tintindex":0},"west":{"uv":[3.25,5.0,3.75,6.0],"texture":"#1","rotation":270,"tintindex":0},"up":{"uv":[3.5,5.0,3.75,6.0],"texture":"#1","tintindex":0},"down":{"uv":[3.25,5.0,3.5,6.0],"texture":"#1","rotation":180,"tintindex":0}}},{"from":[7.4471664,12.324835,-10.441666],"to":[8.4521675,13.329834,-7.4266644],"rotation":{"origin":[-18.210333,15.802025,4.820757],"axis":"x","angle":-45.0},"faces":{"east":{"uv":[2.75,5.25,3.0,4.5],"texture":"#1","rotation":270,"tintindex":0},"south":{"uv":[2.75,5.0,3.0,5.25],"texture":"#1","rotation":270,"tintindex":0},"north":{"uv":[3.0,4.5,2.75,4.75],"texture":"#1","rotation":90,"tintindex":0},"west":{"uv":[2.75,4.5,3.0,5.25],"texture":"#1","rotation":270,"tintindex":0},"up":{"uv":[2.75,4.5,3.0,5.25],"texture":"#1","tintindex":0},"down":{"uv":[2.75,4.5,3.0,5.25],"texture":"#1","rotation":180,"tintindex":0}}},{"from":[7.4471664,8.304834,-6.421664],"to":[8.4521675,9.309835,-3.4066648],"rotation":{"origin":[-18.210333,15.802025,4.820757],"axis":"x","angle":-45.0},"faces":{"east":{"uv":[1.75,6.25,2.0,5.5],"texture":"#1","rotation":270,"tintindex":0},"south":{"uv":[1.75,6.0,2.0,6.25],"texture":"#1","rotation":270,"tintindex":0},"north":{"uv":[2.0,5.5,1.75,5.75],"texture":"#1","rotation":90,"tintindex":0},"west":{"uv":[1.75,5.5,2.0,6.25],"texture":"#1","rotation":270,"tintindex":0},"up":{"uv":[1.75,5.5,2.0,6.25],"texture":"#1","tintindex":0},"down":{"uv":[1.75,5.5,2.0,6.25],"texture":"#1","rotation":180,"tintindex":0}}},{"from":[7.4471664,10.314835,-8.4316635],