{"display":{"gui":{"rotation":[30.0,225.0,0.0]}},"elements":[{"from":[-0.8000002,-6.1574297,7.6937847],"to":[0.6999998,-3.6574306,10.193785],"rotation":{"origin":[0.6999998,-4.8210154,13.313455],"axis":"y","angle":-22.5},"faces":{"east":{"uv":[8.0,4.875,8.625,5.5],"texture":"#6","tintindex":0},"south":{"uv":[1.5,8.5,1.875,9.125],"texture":"#6","tintindex":0},"north":{"uv":[1.125,8.5,1.5,9.125],"texture":"#6","tintindex":0},"west":{"uv":[6.625,8.0,7.25,8.625],"texture":"#6","tintindex":0},"up":{"uv":[2.25,9.125,1.875,8.5],"texture":"#6","tintindex":0},"down":{"uv":[2.625,8.5,2.25,9.125],"texture":"#6","tintindex":0}}}],"textures":{"6":"modelengine:entity/b_leg"}}