{"display":{"gui":{"rotation":[30.0,225.0,0.0]}},"elements":[{"from":[1.5016098,4.0,-0.031728745],"to":[3.5016098,8.0,4.9682713],"rotation":{"origin":[-1.9983902,2.8320293,20.7076],"axis":"y","angle":-22.5},"faces":{"east":{"uv":[15.0,7.75,13.75,8.75],"texture":"#5","tintindex":0},"south":{"uv":[4.5,14.5,4.0,15.5],"texture":"#5","tintindex":0},"north":{"uv":[4.0,14.5,3.5,15.5],"texture":"#5","tintindex":0},"west":{"uv":[15.0,6.75,13.75,7.75],"texture":"#5","tintindex":0},"up":{"uv":[2.5,15.75,3.0,14.5],"texture":"#5","tintindex":0},"down":{"uv":[3.0,14.5,3.5,15.75],"texture":"#5","tintindex":0}}},{"from":[2.5016098,4.0,-4.0317287],"to":[2.5016098,8.0,-0.031728745],"rotation":{"origin":[-1.9983902,2.8320293,20.7076],"axis":"y","angle":-22.5},"faces":{"east":{"uv":[15.25,9.75,14.25,10.75],"texture":"#5","tintindex":0},"west":{"uv":[15.0,13.5,14.0,14.5],"texture":"#5","tintindex":0}}}],"textures":{"5":"modelengine:entity/fleg"}}