{"display":{"gui":{"rotation":[30.0,225.0,0.0]}},"elements":[{"from":[-5.6000004,-12.300138,7.8357897],"to":[-5.6000004,-8.300138,11.83579],"rotation":{"origin":[-4.1000004,-9.62731,23.07513],"axis":"y","angle":-22.5},"faces":{"east":{"uv":[8.25,6.5,8.75,7.0],"texture":"#6","tintindex":0},"west":{"uv":[7.875,8.25,8.375,8.75],"texture":"#6","tintindex":0}}}],"textures":{"6":"modelengine:entity/b_leg"}}