{"display":{"gui":{"rotation":[30.0,225.0,0.0]}},"elements":[{"from":[-14.0,9.0,-12.0],"to":[28.0,29.0,25.0],"rotation":{"origin":[11.0,23.0,8.0],"axis":"z","angle":22.5},"faces":{"east":{"uv":[0.0,8.307693,2.846154,9.846154],"texture":"#0","tintindex":0},"south":{"uv":[5.769231,3.4615386,9.0,5.0],"texture":"#0","tintindex":0},"north":{"uv":[5.769231,1.923077,9.0,3.4615386],"texture":"#0","tintindex":0},"west":{"uv":[2.846154,8.307693,5.692308,9.846154],"texture":"#0","tintindex":0},"up":{"uv":[3.2307694,2.846154,0.0,0.0],"texture":"#0","tintindex":0},"down":{"uv":[3.2307694,2.846154,0.0,5.692308],"texture":"#0","tintindex":0}}},{"from":[-5.0,3.0,-5.0],"to":[29.0,23.0,20.0],"faces":{"east":{"uv":[0.0,9.846154,1.923077,11.384616],"texture":"#0","tintindex":0},"south":{"uv":[5.692308,9.0,8.307693,10.538462],"texture":"#0","tintindex":0},"north":{"uv":[9.0,3.0769231,11.615385,4.6153846],"texture":"#0","tintindex":0},"west":{"uv":[1.923077,9.846154,3.846154,11.384616],"texture":"#0","tintindex":0},"up":{"uv":[7.2307696,7.615385,4.6153846,5.692308],"texture":"#0","tintindex":0},"down":{"uv":[8.384616,0.0,5.769231,1.923077],"texture":"#0","tintindex":0}}},{"from":[-9.0,4.0,-15.0],"to":[24.0,24.0,22.0],"faces":{"east":{"uv":[8.384616,0.0,11.23077,1.5384616],"texture":"#0","tintindex":0},"south":{"uv":[9.538462,4.6153846,12.076923,6.1538463],"texture":"#0","tintindex":0},"north":{"uv":[8.307693,9.0,10.846154,10.538462],"texture":"#0","tintindex":0},"west":{"uv":[9.0,1.5384616,11.846154,3.0769231],"texture":"#0","tintindex":0},"up":{"uv":[5.769231,2.846154,3.2307694,0.0],"texture":"#0","tintindex":0},"down":{"uv":[5.769231,2.846154,3.2307694,5.692308],"texture":"#0","tintindex":0}}}],"textures":{"0":"modelengine:entity/toro_golem"}}