{"display":{"gui":{"rotation":[30.0,225.0,0.0]}},"elements":[{"from":[7.0,-3.0,7.0],"to":[11.0,7.0,10.0],"faces":{"east":{"uv":[13.000001,13.23077,13.23077,14.000001],"texture":"#0","tintindex":0},"south":{"uv":[14.23077,1.846154,14.538462,2.6153848],"texture":"#0","tintindex":0},"north":{"uv":[2.923077,14.076923,3.2307694,14.846154],"texture":"#0","tintindex":0},"west":{"uv":[8.692308,14.307693,8.923078,15.076923],"texture":"#0","tintindex":0},"up":{"uv":[6.0,9.0,5.692308,8.769231],"texture":"#0","tintindex":0},"down":{"uv":[6.3076925,8.769231,6.0,9.0],"texture":"#0","tintindex":0}}}],"textures":{"0":"modelengine:entity/toro_golem"}}