{"display":{"gui":{"rotation":[30.0,225.0,0.0]}},"elements":[{"from":[4.0,-8.0,3.0],"to":[11.0,7.0,10.0],"faces":{"east":{"uv":[1.3076924,14.076923,1.846154,15.23077],"texture":"#0","tintindex":0},"south":{"uv":[1.846154,14.076923,2.3846154,15.23077],"texture":"#0","tintindex":0},"north":{"uv":[14.000001,9.230769,14.538462,10.384616],"texture":"#0","tintindex":0},"west":{"uv":[2.3846154,14.076923,2.923077,15.23077],"texture":"#0","tintindex":0},"up":{"uv":[5.1538463,8.153847,4.6153846,7.615385],"texture":"#0","tintindex":0},"down":{"uv":[5.692308,7.615385,5.1538463,8.153847],"texture":"#0","tintindex":0}}}],"textures":{"0":"modelengine:entity/toro_golem"}}