{"display":{"gui":{"rotation":[30.0,225.0,0.0]}},"elements":[{"from":[3.0,4.0,3.5],"to":[10.0,11.5,12.5],"faces":{"east":{"uv":[12.0,8.461538,13.384616,9.615385],"texture":"#0","tintindex":0},"south":{"uv":[13.23077,2.6153848,14.307693,3.7692308],"texture":"#0","tintindex":0},"north":{"uv":[13.153847,4.5384617,14.23077,5.692308],"texture":"#0","tintindex":0},"west":{"uv":[12.0,9.615385,13.384616,10.769231],"texture":"#0","tintindex":0},"up":{"uv":[8.461538,13.076923,7.384616,11.692308],"texture":"#0","tintindex":0},"down":{"uv":[13.153847,4.5384617,12.076923,5.923077],"texture":"#0","tintindex":0}}},{"from":[2.0,-6.0,5.5],"to":[7.5,5.0,11.0],"faces":{"east":{"uv":[8.461538,12.615385,9.307693,14.307693],"texture":"#0","tintindex":0},"south":{"uv":[9.307693,12.615385,10.153847,14.307693],"texture":"#0","tintindex":0},"north":{"uv":[12.153847,5.923077,13.000001,7.615385],"texture":"#0","tintindex":0},"west":{"uv":[4.1538463,12.846154,5.0,14.538462],"texture":"#0","tintindex":0},"up":{"uv":[13.000001,8.461538,12.153847,7.615385],"texture":"#0","tintindex":0},"down":{"uv":[14.846154,8.384616,14.000001,9.230769],"texture":"#0","tintindex":0}}}],"textures":{"0":"modelengine:entity/toro_golem"}}