{"display":{"gui":{"rotation":[30.0,225.0,0.0]}},"elements":[{"from":[1.5,-0.09637928,-0.48967648],"to":[14.5,13.903622,13.5103245],"rotation":{"origin":[8.0,4.9036207,7.510324],"axis":"x","angle":-22.5},"faces":{"east":{"uv":[0.0,3.0,1.75,4.75],"texture":"#0","tintindex":0},"south":{"uv":[3.75,3.5,5.375,5.25],"texture":"#0","tintindex":0},"north":{"uv":[3.75,1.75,5.375,3.5],"texture":"#0","tintindex":0},"west":{"uv":[3.75,0.0,5.5,1.75],"texture":"#0","tintindex":0},"up":{"uv":[1.625,6.5,0.0,4.75],"texture":"#0","tintindex":0},"down":{"uv":[3.25,4.75,1.625,6.5],"texture":"#0","tintindex":0}}},{"from":[1.0,8.0227585,3.039209],"to":[15.0,23.022758,17.039207],"rotation":{"origin":[8.0,12.5227585,14.039209],"axis":"x","angle":-45.0},"faces":{"east":{"uv":[7.375,10.0,9.125,11.875],"texture":"#0","tintindex":0},"south":{"uv":[9.125,10.0,10.875,11.875],"texture":"#0","tintindex":0},"north":{"uv":[2.375,10.0,4.125,11.875],"texture":"#0","tintindex":0},"west":{"uv":[10.125,0.5,11.875,2.375],"texture":"#0","tintindex":0},"up":{"uv":[12.0,4.125,10.25,2.375],"texture":"#0","tintindex":0},"down":{"uv":[7.25,10.25,5.5,12.0],"texture":"#0","tintindex":0}}},{"from":[15.0,23.022758,17.039207],"to":[1.0,8.0227585,3.039209],"rotation":{"origin":[8.0,12.5227585,14.039209],"axis":"x","angle":-45.0},"faces":{"east":{"uv":[10.125,2.375,11.875,0.5],"texture":"#0","tintindex":0},"south":{"uv":[2.375,11.875,4.125,10.0],"texture":"#0","tintindex":0},"north":{"uv":[9.125,11.875,10.875,10.0],"texture":"#0","tintindex":0},"west":{"uv":[7.375,11.875,9.125,10.0],"texture":"#0","tintindex":0},"up":{"uv":[5.5,10.25,7.25,12.0],"texture":"#0","tintindex":0},"down":{"uv":[10.25,4.125,12.0,2.375],"texture":"#0","tintindex":0}}}],"textures":{"0":"modelengine:entity/ink_tiger"}}