{"display":{"gui":{"rotation":[30.0,225.0,0.0]}},"elements":[{"from":[8.727196,-4.2037,-1.79741],"to":[15.227196,1.2962999,-1.79741],"rotation":{"origin":[10.248938,10.75,-4.0099497],"axis":"y","angle":-22.5},"faces":{"south":{"uv":[6.5,0.0,0.0,5.5],"texture":"#0","tintindex":0},"north":{"uv":[0.0,0.0,6.5,5.5],"texture":"#0","tintindex":0}}},{"from":[0.898674,-4.2037,0.020336151],"to":[7.398674,1.2962999,0.020336151],"rotation":{"origin":[1.2411127,8.0,-2.7662277],"axis":"y","angle":22.5},"faces":{"south":{"uv":[13.0,0.0,6.5,5.5],"texture":"#0","tintindex":0},"north":{"uv":[6.5,0.0,13.0,5.5],"texture":"#0","tintindex":0}}}],"textures":{"0":"modelengine:entity/lr_anubis_souls"}}