{"display":{"gui":{"rotation":[30.0,225.0,0.0]}},"elements":[{"from":[7.798097,-4.5,-4.2019033],"to":[14.298098,1.0,-4.2019033],"rotation":{"origin":[11.048098,10.75,-4.2019033],"axis":"y","angle":-22.5},"faces":{"south":{"uv":[6.5,5.5,0.0,11.0],"texture":"#0","tintindex":0},"north":{"uv":[0.0,5.5,6.5,11.0],"texture":"#0","tintindex":0}}},{"from":[2.0402718,-4.5,-2.9581814],"to":[8.540272,1.0,-2.9581814],"rotation":{"origin":[2.0402718,8.0,-2.9581814],"axis":"y","angle":22.5},"faces":{"south":{"uv":[13.0,5.5,6.5,11.0],"texture":"#0","tintindex":0},"north":{"uv":[6.5,5.5,13.0,11.0],"texture":"#0","tintindex":0}}}],"textures":{"0":"modelengine:entity/lr_anubis_souls"}}