{"display":{"gui":{"rotation":[30.0,225.0,0.0]}},"elements":[{"from":[6.875772,1.3835278,6.6790853],"to":[8.875772,8.383528,8.679086],"faces":{"east":{"uv":[5.2495,10.0005,4.7505,11.7495],"texture":"#2","tintindex":0},"south":{"uv":[2.9995,10.0005,2.5005,11.7495],"texture":"#2","tintindex":0},"north":{"uv":[1.9995,10.0005,1.5005,11.7495],"texture":"#2","tintindex":0},"west":{"uv":[2.4995,10.0005,2.0005,11.7495],"texture":"#2","tintindex":0},"up":{"uv":[10.7505,9.9995,11.2495,9.5005],"texture":"#2","tintindex":0},"down":{"uv":[1.0005,11.0005,1.4995,11.4995],"texture":"#2","tintindex":0}}}],"textures":{"2":"modelengine:entity/undeadcrew5"}}