{"display":{"gui":{"rotation":[30.0,225.0,0.0]}},"elements":[{"from":[6.337904,2.9738736,6.4574466],"to":[9.337904,7.973874,9.457446],"faces":{"east":{"uv":[0.7505,9.7505,1.4995,10.9995],"texture":"#2","tintindex":0},"south":{"uv":[3.2505,9.7505,3.9995,10.9995],"texture":"#2","tintindex":0},"north":{"uv":[5.0E-4,9.7505,0.7495,10.9995],"texture":"#2","tintindex":0},"west":{"uv":[4.0005,9.7505,4.7495,10.9995],"texture":"#2","tintindex":0},"up":{"uv":[11.2495,8.9995,10.5005,8.2505],"texture":"#2","tintindex":0},"down":{"uv":[5.9995,10.7505,5.2505,11.4995],"texture":"#2","tintindex":0}}}],"textures":{"2":"modelengine:entity/undeadcrew5"}}