{"display":{"gui":{"rotation":[30.0,225.0,0.0]}},"elements":[{"from":[6.8450465,12.699451,6.3193035],"to":[9.029953,13.42675,9.562604],"faces":{"east":{"uv":[9.25,3.9375,9.625,4.0625],"texture":"#0","tintindex":0},"south":{"uv":[9.375,2.0,9.75,2.125],"texture":"#0","tintindex":0},"north":{"uv":[8.1875,6.875,8.5625,7.0],"texture":"#0","tintindex":0},"west":{"uv":[9.375,2.125,9.75,2.25],"texture":"#0","tintindex":0},"up":{"uv":[6.1875,8.75,5.8125,8.375],"texture":"#0","tintindex":0},"down":{"uv":[8.75,7.25,8.375,7.625],"texture":"#0","tintindex":0}}},{"from":[6.4612117,15.089668,-11.584951],"to":[9.538788,16.292679,-9.993992],"rotation":{"origin":[8.0,-6.752632,-6.092307],"axis":"x","angle":45.0},"faces":{"east":{"uv":[9.25,3.9375,9.625,4.0625],"texture":"#0","tintindex":0},"south":{"uv":[9.375,2.0,9.75,2.125],"texture":"#0","tintindex":0},"north":{"uv":[8.1875,6.875,8.5625,7.0],"texture":"#0","tintindex":0},"west":{"uv":[9.375,2.125,9.75,2.25],"texture":"#0","tintindex":0},"up":{"uv":[6.1875,8.75,5.8125,8.375],"texture":"#0","tintindex":0},"down":{"uv":[8.75,7.25,8.375,7.625],"texture":"#0","tintindex":0}}},{"from":[6.3362117,8.996437,5.4716434],"to":[9.663788,12.699448,9.562603],"faces":{"east":{"uv":[3.0625,2.4375,3.5625,2.875],"texture":"#0","tintindex":0},"south":{"uv":[0.0,7.75,0.4375,8.1875],"texture":"#0","tintindex":0},"north":{"uv":[6.625,0.75,7.0625,1.1875],"texture":"#0","tintindex":0},"west":{"uv":[1.8125,7.5625,2.3125,8.0],"texture":"#0","tintindex":0},"up":{"uv":[4.375,8.0625,3.9375,7.5625],"texture":"#0","tintindex":0},"down":{"uv":[4.8125,7.5625,4.375,8.0625],"texture":"#0","tintindex":0}}},{"from":[6.1602116,-0.034194946,10.939949],"to":[9.839788,3.8688202,14.980907],"rotation":{"origin":[8.0,-6.752632,-6.092307],"axis":"x","angle":-22.5},"faces":{"east":{"uv":[2.6875,7.25,3.1875,7.75],"texture":"#0","tintindex":0},"south":{"uv":[3.5,7.4375,3.9375,7.9375],"texture":"#0","tintindex":0},"north":{"uv":[7.375,7.0,7.8125,7.5],"texture":"#0","tintindex":0},"west":{"uv":[7.3125,6.5,7.8125,7.0],"texture":"#0","tintindex":0},"up":{"uv":[7.8125,8.0,7.375,7.5],"texture":"#0","tintindex":0},"down":{"uv":[0.9375,7.5625,0.5,8.0625],"texture":"#0","tintindex":0}}}],"textures":{"0":"modelengine:entity/death_knight"}}