{"display":{"gui":{"rotation":[30.0,225.0,0.0]}},"elements":[{"from":[1.2119112,-0.18333435,15.8413515],"to":[14.869606,7.8166656,17.799011],"faces":{"east":{"uv":[3.0625,7.75,3.1875,8.25],"texture":"#0","tintindex":0},"south":{"uv":[5.125,4.25,6.0,4.75],"texture":"#0","tintindex":0},"north":{"uv":[2.625,5.0,3.5,5.5],"texture":"#0","tintindex":0},"west":{"uv":[8.625,9.25,8.75,9.75],"texture":"#0","tintindex":0},"up":{"uv":[9.4375,4.3125,8.5625,4.1875],"texture":"#0","tintindex":0},"down":{"uv":[9.625,6.375,8.75,6.5],"texture":"#0","tintindex":0}}},{"from":[-0.31711578,1.8166656,7.3413515],"to":[16.283783,6.716667,15.858649],"faces":{"east":{"uv":[7.8125,7.25,8.375,7.5625],"texture":"#0","tintindex":0},"south":{"uv":[6.0625,1.1875,7.125,1.5],"texture":"#0","tintindex":0},"north":{"uv":[6.0,4.1875,7.0625,4.5],"texture":"#0","tintindex":0},"west":{"uv":[7.8125,7.5625,8.375,7.875],"texture":"#0","tintindex":0},"up":{"uv":[2.6875,3.4375,1.625,2.875],"texture":"#0","tintindex":0},"down":{"uv":[3.75,2.875,2.6875,3.4375],"texture":"#0","tintindex":0}}},{"from":[0.97808075,2.8166656,3.9267678],"to":[15.088586,7.416668,5.4732323],"faces":{"east":{"uv":[3.75,3.125,3.875,3.4375],"texture":"#0","tintindex":0},"south":{"uv":[1.8125,7.25,2.6875,7.5625],"texture":"#0","tintindex":0},"north":{"uv":[7.125,3.75,8.0,4.0625],"texture":"#0","tintindex":0},"west":{"uv":[4.5,6.0,4.625,6.3125],"texture":"#0","tintindex":0},"up":{"uv":[9.4375,1.0625,8.5625,0.9375],"texture":"#0","tintindex":0},"down":{"uv":[9.4375,4.0625,8.5625,4.1875],"texture":"#0","tintindex":0}}}],"textures":{"0":"modelengine:entity/death_knight"}}