{"display":{"gui":{"rotation":[30.0,225.0,0.0]}},"elements":[{"from":[2.5345516,6.31662,5.337484],"to":[8.668648,11.500618,10.775589],"faces":{"east":{"uv":[8.9375,8.1875,9.25,8.5],"texture":"#0","tintindex":0},"south":{"uv":[8.75,6.0625,9.125,6.375],"texture":"#0","tintindex":0},"north":{"uv":[5.75,8.75,6.125,9.0625],"texture":"#0","tintindex":0},"west":{"uv":[8.25,8.9375,8.5625,9.25],"texture":"#0","tintindex":0},"up":{"uv":[9.125,7.4375,8.75,7.125],"texture":"#0","tintindex":0},"down":{"uv":[9.125,7.4375,8.75,7.75],"texture":"#0","tintindex":0}}},{"from":[2.0752106,-6.1592216,5.283103],"to":[8.127989,8.076462,10.82997],"faces":{"east":{"uv":[0.625,6.6875,1.0,7.5625],"texture":"#0","tintindex":0},"south":{"uv":[4.875,6.6875,5.25,7.5625],"texture":"#0","tintindex":0},"north":{"uv":[6.625,6.125,7.0,7.0],"texture":"#0","tintindex":0},"west":{"uv":[6.75,2.25,7.125,3.125],"texture":"#0","tintindex":0},"up":{"uv":[8.9375,0.375,8.5625,0.0],"texture":"#0","tintindex":0},"down":{"uv":[8.9375,0.375,8.5625,0.75],"texture":"#0","tintindex":0}}}],"textures":{"0":"modelengine:entity/death_knight"}}