{"display":{"gui":{"rotation":[30.0,225.0,0.0]}},"elements":[{"from":[6.425,-4.0980635,7.0912323],"to":[9.575,8.576937,9.991232],"faces":{"east":{"uv":[0.0,3.5,0.375,5.0625],"texture":"#0","tintindex":0},"south":{"uv":[0.375,3.5,0.75,5.0625],"texture":"#0","tintindex":0},"north":{"uv":[3.125,3.4375,3.5,5.0],"texture":"#0","tintindex":0},"west":{"uv":[3.5,3.4375,3.875,5.0],"texture":"#0","tintindex":0},"up":{"uv":[1.75,8.875,1.375,8.5],"texture":"#0","tintindex":0},"down":{"uv":[3.8125,8.5,3.4375,8.875],"texture":"#0","tintindex":0}}},{"from":[6.8975,0.13318634,6.023732],"to":[9.1025,4.9456863,7.7087326],"rotation":{"origin":[8.0,3.7894363,8.366232],"axis":"x","angle":-22.5},"faces":{"east":{"uv":[6.5,8.625,6.6875,9.25],"texture":"#0","tintindex":0},"south":{"uv":[2.6875,8.25,2.9375,8.875],"texture":"#0","tintindex":0},"north":{"uv":[2.3125,8.25,2.5625,8.875],"texture":"#0","tintindex":0},"west":{"uv":[6.6875,8.625,6.875,9.25],"texture":"#0","tintindex":0},"up":{"uv":[9.625,3.1875,9.375,3.0],"texture":"#0","tintindex":0},"down":{"uv":[9.625,3.1875,9.375,3.375],"texture":"#0","tintindex":0}}}],"textures":{"0":"modelengine:entity/death_knight"}}