{"display":{"gui":{"rotation":[30.0,225.0,0.0]}},"elements":[{"from":[3.8203406,-5.4416656,1.9509892],"to":[8.3477955,10.558334,3.5490112],"faces":{"east":{"uv":[0.8125,8.0625,0.9375,9.0625],"texture":"#0","tintindex":0},"south":{"uv":[4.1875,6.5625,4.5,7.5625],"texture":"#0","tintindex":0},"north":{"uv":[3.1875,6.5625,3.5,7.5625],"texture":"#0","tintindex":0},"west":{"uv":[7.5,8.4375,7.625,9.4375],"texture":"#0","tintindex":0},"up":{"uv":[3.9375,9.5625,3.625,9.4375],"texture":"#0","tintindex":0},"down":{"uv":[4.25,9.4375,3.9375,9.5625],"texture":"#0","tintindex":0}}},{"from":[2.7203412,-15.241667,3.5490112],"to":[4.347796,10.558334,12.450989],"faces":{"east":{"uv":[0.0,0.0,0.5625,1.625],"texture":"#0","tintindex":0},"south":{"uv":[7.0,7.625,7.125,9.25],"texture":"#0","tintindex":0},"north":{"uv":[6.875,7.625,7.0,9.25],"texture":"#0","tintindex":0},"west":{"uv":[0.5625,0.0,1.125,1.625],"texture":"#0","tintindex":0},"up":{"uv":[8.5,9.8125,8.375,9.25],"texture":"#0","tintindex":0},"down":{"uv":[8.625,9.25,8.5,9.8125],"texture":"#0","tintindex":0}}},{"from":[3.8203406,-5.4416656,12.450989],"to":[8.3477955,10.558334,14.049011],"faces":{"east":{"uv":[7.625,8.4375,7.75,9.4375],"texture":"#0","tintindex":0},"south":{"uv":[6.8125,3.125,7.125,4.125],"texture":"#0","tintindex":0},"north":{"uv":[1.0,6.6875,1.3125,7.6875],"texture":"#0","tintindex":0},"west":{"uv":[1.75,8.5625,1.875,9.5625],"texture":"#0","tintindex":0},"up":{"uv":[9.75,4.1875,9.4375,4.0625],"texture":"#0","tintindex":0},"down":{"uv":[9.75,4.1875,9.4375,4.3125],"texture":"#0","tintindex":0}}},{"from":[4.2477956,10.558334,3.5490112],"to":[8.3477955,11.858334,12.450989],"faces":{"east":{"uv":[1.0,9.5,1.5625,9.5625],"texture":"#0","tintindex":0},"south":{"uv":[7.0625,6.0,7.3125,6.0625],"texture":"#0","tintindex":0},"north":{"uv":[6.8125,5.3125,7.0625,5.375],"texture":"#0","tintindex":0},"west":{"uv":[9.5,1.0625,10.0625,1.125],"texture":"#0","tintindex":0},"up":{"uv":[8.5625,1.0625,8.3125,0.5],"texture":"#0","tintindex":0},"down":{"uv":[8.5625,5.75,8.3125,6.3125],"texture":"#0","tintindex":0}}}],"textures":{"0":"modelengine:entity/death_knight"}}