{"display":{"gui":{"rotation":[30.0,225.0,0.0]}},"elements":[{"from":[5.656144,4.34,6.1477966],"to":[9.643856,8.860001,9.802203],"faces":{"east":{"uv":[9.25,6.8125,9.5,7.125],"texture":"#0","tintindex":0},"south":{"uv":[6.9375,9.25,7.1875,9.5625],"texture":"#0","tintindex":0},"north":{"uv":[6.6875,9.25,6.9375,9.5625],"texture":"#0","tintindex":0},"west":{"uv":[7.75,9.25,8.0,9.5625],"texture":"#0","tintindex":0},"up":{"uv":[9.5,8.4375,9.25,8.1875],"texture":"#0","tintindex":0},"down":{"uv":[0.25,9.3125,0.0,9.5625],"texture":"#0","tintindex":0}}},{"from":[5.1576796,-8.950001,5.6909957],"to":[10.14232,5.950001,10.259005],"faces":{"east":{"uv":[7.0625,5.0625,7.375,6.0],"texture":"#0","tintindex":0},"south":{"uv":[5.25,7.0625,5.5625,8.0],"texture":"#0","tintindex":0},"north":{"uv":[7.0625,4.125,7.375,5.0625],"texture":"#0","tintindex":0},"west":{"uv":[5.5625,7.0625,5.875,8.0],"texture":"#0","tintindex":0},"up":{"uv":[8.875,9.25,8.5625,8.9375],"texture":"#0","tintindex":0},"down":{"uv":[0.3125,9.0,0.0,9.3125],"texture":"#0","tintindex":0}}}],"textures":{"0":"modelengine:entity/death_knight"}}