{"display":{"gui":{"rotation":[30.0,225.0,0.0]}},"elements":[{"from":[4.975,6.1488,5.35],"to":[11.025,10.0488,11.05],"faces":{"east":{"uv":[9.125,5.9375,9.5,6.1875],"texture":"#0","tintindex":0},"south":{"uv":[9.125,7.125,9.5,7.375],"texture":"#0","tintindex":0},"north":{"uv":[9.125,4.5625,9.5,4.8125],"texture":"#0","tintindex":0},"west":{"uv":[9.125,7.375,9.5,7.625],"texture":"#0","tintindex":0},"up":{"uv":[4.1875,8.875,3.8125,8.5],"texture":"#0","tintindex":0},"down":{"uv":[4.5625,8.5,4.1875,8.875],"texture":"#0","tintindex":0}}},{"from":[5.7514014,4.384829,0.49000025],"to":[8.593971,7.2273984,7.41],"rotation":{"origin":[8.0,4.9787993,5.2],"axis":"z","angle":-45.0},"faces":{"east":{"uv":[9.25,0.5625,9.6875,0.75],"texture":"#0","tintindex":0},"south":{"uv":[9.5,1.5625,9.6875,1.75],"texture":"#0","tintindex":0},"north":{"uv":[9.5,1.375,9.6875,1.5625],"texture":"#0","tintindex":0},"west":{"uv":[9.25,0.75,9.6875,0.9375],"texture":"#0","tintindex":0},"up":{"uv":[9.4375,3.9375,9.25,3.5],"texture":"#0","tintindex":0},"down":{"uv":[5.375,9.25,5.1875,9.6875],"texture":"#0","tintindex":0}}},{"from":[5.7219996,2.8727999,-1.5779991],"to":[10.278,5.5248003,9.178],"faces":{"east":{"uv":[8.4375,4.6875,9.125,4.875],"texture":"#0","tintindex":0},"south":{"uv":[1.3125,9.3125,1.625,9.5],"texture":"#0","tintindex":0},"north":{"uv":[1.0,9.3125,1.3125,9.5],"texture":"#0","tintindex":0},"west":{"uv":[8.5625,0.75,9.25,0.9375],"texture":"#0","tintindex":0},"up":{"uv":[3.5,8.25,3.1875,7.5625],"texture":"#0","tintindex":0},"down":{"uv":[5.125,7.5625,4.8125,8.25],"texture":"#0","tintindex":0}}},{"from":[4.65,2.2487998,-0.6499996],"to":[11.35,6.1488,11.05],"faces":{"east":{"uv":[7.8125,5.3125,8.5625,5.5625],"texture":"#0","tintindex":0},"south":{"uv":[2.6875,8.875,3.125,9.125],"texture":"#0","tintindex":0},"north":{"uv":[8.8125,4.3125,9.25,4.5625],"texture":"#0","tintindex":0},"west":{"uv":[7.8125,7.0,8.5625,7.25],"texture":"#0","tintindex":0},"up":{"uv":[7.0625,0.75,6.625,0.0],"texture":"#0","tintindex":0},"down":{"uv":[7.0625,5.375,6.625,6.125],"texture":"#0","tintindex":0}}}],"textures":{"0":"modelengine:entity/death_knight"}}