{"display":{"gui":{"rotation":[30.0,225.0,0.0]}},"elements":[{"from":[1.661663,-0.07500076,7.307043],"to":[15.538338,4.7249985,9.142956],"faces":{"east":{"uv":[8.1875,6.0,8.3125,6.3125],"texture":"#0","tintindex":0},"south":{"uv":[7.3125,6.0,8.1875,6.3125],"texture":"#0","tintindex":0},"north":{"uv":[7.3125,1.5,8.1875,1.8125],"texture":"#0","tintindex":0},"west":{"uv":[4.875,9.4375,5.0,9.75],"texture":"#0","tintindex":0},"up":{"uv":[9.6875,2.5,8.8125,2.375],"texture":"#0","tintindex":0},"down":{"uv":[9.6875,3.375,8.8125,3.5],"texture":"#0","tintindex":0}}},{"from":[1.661663,-4.174999,6.9070425],"to":[9.538337,-0.07500076,8.642957],"faces":{"east":{"uv":[5.75,9.5625,5.875,9.8125],"texture":"#0","tintindex":0},"south":{"uv":[8.5625,2.75,9.0625,3.0],"texture":"#0","tintindex":0},"north":{"uv":[8.5625,2.5,9.0625,2.75],"texture":"#0","tintindex":0},"west":{"uv":[5.875,9.5625,6.0,9.8125],"texture":"#0","tintindex":0},"up":{"uv":[4.375,2.4375,3.875,2.3125],"texture":"#0","tintindex":0},"down":{"uv":[6.5625,4.0625,6.0625,4.1875],"texture":"#0","tintindex":0}}}],"textures":{"0":"modelengine:entity/death_knight"}}