{"display":{"gui":{"rotation":[30.0,225.0,0.0]}},"elements":[{"from":[4.6499996,2.2487998,-0.6499996],"to":[11.35,6.1488,11.05],"faces":{"east":{"uv":[2.3125,1.75,3.0625,2.0],"texture":"#0","tintindex":0},"south":{"uv":[8.8125,3.8125,9.25,4.0625],"texture":"#0","tintindex":0},"north":{"uv":[8.75,7.75,9.1875,8.0],"texture":"#0","tintindex":0},"west":{"uv":[3.75,0.6875,4.5,0.9375],"texture":"#0","tintindex":0},"up":{"uv":[5.9375,7.0625,5.5,6.3125],"texture":"#0","tintindex":0},"down":{"uv":[6.8125,1.5,6.375,2.25],"texture":"#0","tintindex":0}}},{"from":[5.722,2.8727999,-1.5779991],"to":[10.278,5.5248003,9.178],"faces":{"east":{"uv":[8.3125,1.0625,9.0,1.25],"texture":"#0","tintindex":0},"south":{"uv":[0.25,9.3125,0.5625,9.5],"texture":"#0","tintindex":0},"north":{"uv":[6.8125,2.0625,7.125,2.25],"texture":"#0","tintindex":0},"west":{"uv":[8.375,8.0,9.0625,8.1875],"texture":"#0","tintindex":0},"up":{"uv":[6.1875,7.8125,5.875,7.125],"texture":"#0","tintindex":0},"down":{"uv":[2.625,7.5625,2.3125,8.25],"texture":"#0","tintindex":0}}},{"from":[4.975,6.1488,5.35],"to":[11.025,10.0488,11.05],"faces":{"east":{"uv":[9.125,1.0625,9.5,1.3125],"texture":"#0","tintindex":0},"south":{"uv":[9.125,1.3125,9.5,1.5625],"texture":"#0","tintindex":0},"north":{"uv":[9.0625,4.875,9.4375,5.125],"texture":"#0","tintindex":0},"west":{"uv":[9.125,1.5625,9.5,1.8125],"texture":"#0","tintindex":0},"up":{"uv":[6.875,8.625,6.5,8.25],"texture":"#0","tintindex":0},"down":{"uv":[8.625,8.1875,8.25,8.5625],"texture":"#0","tintindex":0}}},{"from":[7.406029,4.384829,0.49000025],"to":[10.248598,7.2273984,7.41],"rotation":{"origin":[8.0,4.9787993,5.2],"axis":"z","angle":45.0},"faces":{"east":{"uv":[9.25,0.1875,9.6875,0.375],"texture":"#0","tintindex":0},"south":{"uv":[0.3125,9.5,0.5,9.6875],"texture":"#0","tintindex":0},"north":{"uv":[8.5625,6.0625,8.75,6.25],"texture":"#0","tintindex":0},"west":{"uv":[9.25,0.375,9.6875,0.5625],"texture":"#0","tintindex":0},"up":{"uv":[3.75,2.875,3.5625,2.4375],"texture":"#0","tintindex":0},"down":{"uv":[9.0625,9.1875,8.875,9.625],"texture":"#0","tintindex":0}}}],"textures":{"0":"modelengine:entity/death_knight"}}