{"display":{"gui":{"rotation":[30.0,225.0,0.0]}},"elements":[{"from":[6.8975,0.13318634,6.023732],"to":[9.1025,4.9456863,7.7087326],"rotation":{"origin":[8.0,3.7894363,8.366232],"axis":"x","angle":-22.5},"faces":{"east":{"uv":[6.1875,1.5,6.375,2.125],"texture":"#0","tintindex":0},"south":{"uv":[8.0,8.1875,8.25,8.8125],"texture":"#0","tintindex":0},"north":{"uv":[7.75,8.1875,8.0,8.8125],"texture":"#0","tintindex":0},"west":{"uv":[5.5625,8.625,5.75,9.25],"texture":"#0","tintindex":0},"up":{"uv":[6.8125,4.1875,6.5625,4.0],"texture":"#0","tintindex":0},"down":{"uv":[9.625,2.5,9.375,2.6875],"texture":"#0","tintindex":0}}},{"from":[6.425,-4.0980635,7.0912323],"to":[9.575,8.576937,9.991232],"faces":{"east":{"uv":[2.0,3.4375,2.375,5.0],"texture":"#0","tintindex":0},"south":{"uv":[2.375,3.4375,2.75,5.0],"texture":"#0","tintindex":0},"north":{"uv":[1.625,3.4375,2.0,5.0],"texture":"#0","tintindex":0},"west":{"uv":[2.75,3.4375,3.125,5.0],"texture":"#0","tintindex":0},"up":{"uv":[8.5625,5.3125,8.1875,4.9375],"texture":"#0","tintindex":0},"down":{"uv":[8.5625,6.5,8.1875,6.875],"texture":"#0","tintindex":0}}}],"textures":{"0":"modelengine:entity/death_knight"}}