{"display":{"gui":{"rotation":[30.0,225.0,0.0]}},"elements":[{"from":[6.939704,1.7583313,1.9509892],"to":[11.467159,10.558334,3.5490112],"faces":{"east":{"uv":[4.625,4.8125,4.75,5.375],"texture":"#0","tintindex":0},"south":{"uv":[3.5,7.9375,3.8125,8.5],"texture":"#0","tintindex":0},"north":{"uv":[5.875,7.8125,6.1875,8.375],"texture":"#0","tintindex":0},"west":{"uv":[0.625,6.125,0.75,6.6875],"texture":"#0","tintindex":0},"up":{"uv":[1.3125,7.8125,1.0,7.6875],"texture":"#0","tintindex":0},"down":{"uv":[9.125,4.5625,8.8125,4.6875],"texture":"#0","tintindex":0}}},{"from":[9.8397045,-0.7416687,3.5490112],"to":[11.467159,10.558334,12.450989],"faces":{"east":{"uv":[2.625,5.5,3.1875,6.1875],"texture":"#0","tintindex":0},"south":{"uv":[9.1875,8.6875,9.3125,9.375],"texture":"#0","tintindex":0},"north":{"uv":[6.5,5.375,6.625,6.0625],"texture":"#0","tintindex":0},"west":{"uv":[5.5,4.75,6.0625,5.4375],"texture":"#0","tintindex":0},"up":{"uv":[8.25,9.8125,8.125,9.25],"texture":"#0","tintindex":0},"down":{"uv":[8.375,9.25,8.25,9.8125],"texture":"#0","tintindex":0}}},{"from":[6.939704,10.558334,3.5490112],"to":[10.139704,11.858334,12.450989],"faces":{"east":{"uv":[9.4375,9.375,10.0,9.4375],"texture":"#0","tintindex":0},"south":{"uv":[8.5625,6.25,8.75,6.3125],"texture":"#0","tintindex":0},"north":{"uv":[1.875,8.5625,2.0625,8.625],"texture":"#0","tintindex":0},"west":{"uv":[9.4375,9.4375,10.0,9.5],"texture":"#0","tintindex":0},"up":{"uv":[2.625,9.4375,2.4375,8.875],"texture":"#0","tintindex":0},"down":{"uv":[3.3125,8.875,3.125,9.4375],"texture":"#0","tintindex":0}}},{"from":[6.939704,1.7583313,12.450989],"to":[11.467159,10.558334,14.049011],"faces":{"east":{"uv":[7.1875,9.25,7.3125,9.8125],"texture":"#0","tintindex":0},"south":{"uv":[1.75,8.0,2.0625,8.5625],"texture":"#0","tintindex":0},"north":{"uv":[8.0,0.8125,8.3125,1.375],"texture":"#0","tintindex":0},"west":{"uv":[8.0,9.25,8.125,9.8125],"texture":"#0","tintindex":0},"up":{"uv":[9.25,0.75,8.9375,0.625],"texture":"#0","tintindex":0},"down":{"uv":[9.75,0.9375,9.4375,1.0625],"texture":"#0","tintindex":0}}}],"textures":{"0":"modelengine:entity/death_knight"}}