{"display":{"gui":{"rotation":[30.0,225.0,0.0]}},"elements":[{"from":[5.8576803,-8.950001,5.6909957],"to":[10.84232,5.950001,10.259005],"faces":{"east":{"uv":[7.0,6.125,7.3125,7.0625],"texture":"#0","tintindex":0},"south":{"uv":[6.5625,7.0,6.875,7.9375],"texture":"#0","tintindex":0},"north":{"uv":[6.25,6.9375,6.5625,7.875],"texture":"#0","tintindex":0},"west":{"uv":[7.0625,0.0,7.375,0.9375],"texture":"#0","tintindex":0},"up":{"uv":[9.1875,9.1875,8.875,8.875],"texture":"#0","tintindex":0},"down":{"uv":[9.25,0.0,8.9375,0.3125],"texture":"#0","tintindex":0}}},{"from":[6.356144,4.34,6.1477966],"to":[10.343856,8.860001,9.802203],"faces":{"east":{"uv":[9.25,5.625,9.5,5.9375],"texture":"#0","tintindex":0},"south":{"uv":[6.4375,9.25,6.6875,9.5625],"texture":"#0","tintindex":0},"north":{"uv":[9.25,5.3125,9.5,5.625],"texture":"#0","tintindex":0},"west":{"uv":[9.25,6.5,9.5,6.8125],"texture":"#0","tintindex":0},"up":{"uv":[4.75,3.125,4.5,2.875],"texture":"#0","tintindex":0},"down":{"uv":[9.5,4.3125,9.25,4.5625],"texture":"#0","tintindex":0}}}],"textures":{"0":"modelengine:entity/death_knight"}}