{"display":{"gui":{"rotation":[30.0,225.0,0.0]}},"elements":[{"from":[7.872011,-6.1592216,5.283103],"to":[13.924789,8.076462,10.82997],"faces":{"east":{"uv":[6.0625,4.5,6.4375,5.375],"texture":"#0","tintindex":0},"south":{"uv":[6.25,6.0625,6.625,6.9375],"texture":"#0","tintindex":0},"north":{"uv":[6.0625,3.1875,6.4375,4.0625],"texture":"#0","tintindex":0},"west":{"uv":[4.5,6.3125,4.875,7.1875],"texture":"#0","tintindex":0},"up":{"uv":[4.875,7.5625,4.5,7.1875],"texture":"#0","tintindex":0},"down":{"uv":[8.5625,1.375,8.1875,1.75],"texture":"#0","tintindex":0}}},{"from":[7.331352,6.31662,5.337484],"to":[13.465448,11.500618,10.775589],"faces":{"east":{"uv":[3.5,7.125,3.8125,7.4375],"texture":"#0","tintindex":0},"south":{"uv":[8.5625,5.75,8.9375,6.0625],"texture":"#0","tintindex":0},"north":{"uv":[8.5625,3.5,8.9375,3.8125],"texture":"#0","tintindex":0},"west":{"uv":[8.875,8.5625,9.1875,8.875],"texture":"#0","tintindex":0},"up":{"uv":[8.9375,6.8125,8.5625,6.5],"texture":"#0","tintindex":0},"down":{"uv":[8.9375,6.8125,8.5625,7.125],"texture":"#0","tintindex":0}}}],"textures":{"0":"modelengine:entity/death_knight"}}