{"display":{"gui":{"rotation":[30.0,225.0,0.0]}},"elements":[{"from":[5.723336,-2.8170795,-5.632066],"to":[8.723336,0.18292046,-5.632066],"rotation":{"origin":[9.571643,-10.966589,6.658927],"axis":"x","angle":45.0},"faces":{"south":{"uv":[5.0,11.625,5.75,12.375],"texture":"#0","tintindex":0},"north":{"uv":[2.375,11.625,3.125,12.375],"texture":"#0","tintindex":0}}},{"from":[5.723336,3.0356627,0.39777422],"to":[8.723336,6.0356617,0.39777422],"rotation":{"origin":[9.571643,-9.387363,9.591198],"axis":"x","angle":22.5},"faces":{"south":{"uv":[0.0,11.625,0.75,12.375],"texture":"#0","tintindex":0},"north":{"uv":[1.625,11.5,2.375,12.25],"texture":"#0","tintindex":0}}}],"textures":{"0":"modelengine:entity/deadbeard3"}}