{"display":{"gui":{"rotation":[30.0,225.0,0.0]}},"elements":[{"from":[4.555849,1.3711071,4.5674963],"to":[11.555849,11.371109,10.567495],"faces":{"east":{"uv":[9.375,0.875,10.125,2.125],"texture":"#0","tintindex":0},"south":{"uv":[4.75,8.5,5.625,9.75],"texture":"#0","tintindex":0},"north":{"uv":[6.875,8.375,7.75,9.625],"texture":"#0","tintindex":0},"west":{"uv":[9.375,2.125,10.125,3.375],"texture":"#0","tintindex":0},"up":{"uv":[11.5,7.75,10.625,7.0],"texture":"#0","tintindex":0},"down":{"uv":[1.75,10.75,0.875,11.5],"texture":"#0","tintindex":0}}},{"from":[5.555849,-1.6288929,4.5674963],"to":[10.555849,1.3711071,9.567495],"faces":{"east":{"uv":[0.0,10.875,0.625,11.25],"texture":"#0","tintindex":0},"south":{"uv":[2.625,10.875,3.25,11.25],"texture":"#0","tintindex":0},"north":{"uv":[2.625,10.875,3.25,11.25],"texture":"#0","tintindex":0},"west":{"uv":[0.0,10.875,0.625,11.25],"texture":"#0","tintindex":0},"up":{"uv":[0.875,10.875,1.5,11.5],"texture":"#0","tintindex":0},"down":{"uv":[1.5,10.75,2.125,11.375],"texture":"#0","tintindex":0}}}],"textures":{"0":"modelengine:entity/deadbeard3"}}