{"display":{"gui":{"rotation":[30.0,225.0,0.0]}},"elements":[{"from":[7.144899,5.001563,4.993949],"to":[9.144899,8.001563,7.993949],"faces":{"east":{"uv":[12.0,8.0,11.25,8.75],"texture":"#0","tintindex":0},"south":{"uv":[12.5,1.5,12.0,2.25],"texture":"#0","tintindex":0},"north":{"uv":[2.0,12.0,1.5,12.75],"texture":"#0","tintindex":0},"west":{"uv":[12.0,7.25,11.25,8.0],"texture":"#0","tintindex":0},"up":{"uv":[12.0,3.5,12.5,2.75],"texture":"#0","tintindex":0},"down":{"uv":[12.0,3.5,12.5,4.25],"texture":"#0","tintindex":0}}},{"from":[5.9747314,2.3914895,4.993949],"to":[8.974731,5.3914895,7.993949],"rotation":{"origin":[7.539961,8.137941,5.858724],"axis":"z","angle":22.5},"faces":{"east":{"uv":[10.0,11.0,9.25,11.75],"texture":"#0","tintindex":0},"south":{"uv":[9.25,11.0,8.5,11.75],"texture":"#0","tintindex":0},"north":{"uv":[11.75,5.75,11.0,6.5],"texture":"#0","tintindex":0},"west":{"uv":[11.75,6.5,11.0,7.25],"texture":"#0","tintindex":0},"up":{"uv":[1.5,12.0,2.25,11.25],"texture":"#0","tintindex":0},"down":{"uv":[11.25,3.0,12.0,3.75],"texture":"#0","tintindex":0}}}],"textures":{"0":"modelengine:entity/goblin_engineer"}}