{"display":{"gui":{"rotation":[30.0,225.0,0.0]}},"elements":[{"from":[7.1450624,5.8636217,6.1352253],"to":[11.1450615,9.863623,10.135225],"faces":{"east":{"uv":[8.75,7.5,9.75,8.5],"texture":"#0","tintindex":0},"south":{"uv":[8.75,8.5,9.75,9.5],"texture":"#0","tintindex":0},"north":{"uv":[8.75,6.5,9.75,7.5],"texture":"#0","tintindex":0},"west":{"uv":[0.0,9.0,1.0,10.0],"texture":"#0","tintindex":0},"up":{"uv":[10.0,1.0,9.0,0.0],"texture":"#0","tintindex":0},"down":{"uv":[2.0,9.0,1.0,10.0],"texture":"#0","tintindex":0}}},{"from":[8.6450615,2.8636217,7.1352253],"to":[10.6450615,5.8636217,10.135225],"faces":{"east":{"uv":[4.5,11.0,5.25,11.75],"texture":"#0","tintindex":0},"south":{"uv":[11.25,11.75,11.75,12.5],"texture":"#0","tintindex":0},"north":{"uv":[9.25,11.75,9.75,12.5],"texture":"#0","tintindex":0},"west":{"uv":[11.0,5.0,11.75,5.75],"texture":"#0","tintindex":0},"up":{"uv":[12.25,12.5,11.75,11.75],"texture":"#0","tintindex":0},"down":{"uv":[12.5,0.5,12.0,1.25],"texture":"#0","tintindex":0}}}],"textures":{"0":"modelengine:entity/goblin_engineer"}}