{"display":{"gui":{"rotation":[30.0,225.0,0.0]}},"elements":[{"from":[-12.035429,-10.600464,-1.7588568],"to":[-12.035429,31.399536,20.241142],"rotation":{"origin":[-12.035429,10.399536,9.241143],"axis":"z","angle":-22.5},"faces":{"east":{"uv":[4.375,5.1875,5.75,7.8125],"texture":"#0","tintindex":0},"south":{"uv":[5.75,5.1875,4.375,7.8125],"texture":"#0","tintindex":0},"north":{"uv":[5.75,5.1875,4.375,7.8125],"texture":"#0","tintindex":0},"west":{"uv":[5.75,5.1875,4.375,7.8125],"texture":"#0","tintindex":0},"up":{"uv":[5.75,5.1875,4.375,7.8125],"texture":"#0","tintindex":0},"down":{"uv":[5.75,5.1875,4.375,7.8125],"texture":"#0","tintindex":0}}},{"from":[-4.0,-12.198612,-1.7588568],"to":[20.0,29.80139,20.241142],"faces":{"east":{"uv":[3.0,5.25,4.375,7.875],"texture":"#0","tintindex":0},"south":{"uv":[1.5,4.75,3.0,7.375],"texture":"#0","tintindex":0},"north":{"uv":[0.0,4.75,1.5,7.375],"texture":"#0","tintindex":0},"west":{"uv":[4.375,5.25,3.0,7.875],"texture":"#0","tintindex":0},"up":{"uv":[3.125,9.25,1.625,7.875],"texture":"#0","tintindex":0},"down":{"uv":[4.625,7.875,3.125,9.25],"texture":"#0","tintindex":0}}},{"from":[-3.995,-13.66193,28.885534],"to":[19.994999,28.33807,28.885534],"rotation":{"origin":[8.0,7.33807,20.885536],"axis":"x","angle":-22.5},"faces":{"east":{"uv":[7.125,10.25,8.625,12.875],"texture":"#0","tintindex":0},"south":{"uv":[7.125,10.25,8.625,12.875],"texture":"#0","tintindex":0},"north":{"uv":[7.125,10.25,8.625,12.875],"texture":"#0","tintindex":0},"west":{"uv":[7.125,10.25,8.625,12.875],"texture":"#0","tintindex":0},"up":{"uv":[7.125,10.25,8.625,12.875],"texture":"#0","tintindex":0},"down":{"uv":[7.125,10.25,8.625,12.875],"texture":"#0","tintindex":0}}},{"from":[28.035429,-10.600464,-1.7588568],"to":[28.035429,31.399536,20.241142],"rotation":{"origin":[28.035429,10.399536,9.241143],"axis":"z","angle":22.5},"faces":{"east":{"uv":[4.375,5.1875,5.75,7.8125],"texture":"#0","tintindex":0},"south":{"uv":[4.375,5.1875,5.75,7.8125],"texture":"#0","tintindex":0},"north":{"uv":[4.375,5.1875,5.75,7.8125],"texture":"#0","tintindex":0},"west":{"uv":[5.75,5.1875,4.375,7.8125],"texture":"#0","tintindex":0},"up":{"uv":[4.375,5.1875,5.75,7.8125],"texture":"#0","tintindex":0},"down":{"uv":[4.375,5.1875,5.75,7.8125],"texture":"#0","tintindex":0}}}],"textures":{"0":"modelengine:entity/ink_dragon"}}