{"display":{"gui":{"rotation":[30.0,225.0,0.0]}},"elements":[{"from":[-3.0,16.0,4.0],"to":[5.0,19.0,12.0],"faces":{"east":{"uv":[11.30625,0.88125,10.81875,1.05625],"texture":"#0","tintindex":0},"south":{"uv":[11.30625,0.69375,10.81875,0.86875],"texture":"#0","tintindex":0},"north":{"uv":[11.24375,6.38125,10.75625,6.55625],"texture":"#0","tintindex":0},"west":{"uv":[7.74375,10.75625,7.25625,10.93125],"texture":"#0","tintindex":0},"up":{"uv":[7.94375,10.18125,8.43125,9.69375],"texture":"#0","tintindex":0},"down":{"uv":[9.69375,8.00625,10.18125,8.49375],"texture":"#0","tintindex":0}}},{"from":[-6.0,0.0,1.0],"to":[8.0,16.0,15.0],"faces":{"east":{"uv":[8.49375,7.69375,7.63125,8.68125],"texture":"#0","tintindex":0},"south":{"uv":[7.61875,7.69375,6.75625,8.68125],"texture":"#0","tintindex":0},"north":{"uv":[5.61875,7.44375,4.75625,8.43125],"texture":"#0","tintindex":0},"west":{"uv":[0.86875,7.50625,0.00625,8.49375],"texture":"#0","tintindex":0},"up":{"uv":[5.63125,8.80625,6.49375,7.94375],"texture":"#0","tintindex":0},"down":{"uv":[8.06875,6.63125,8.93125,7.49375],"texture":"#0","tintindex":0}}},{"from":[-0.5,19.0,6.5],"to":[2.5,22.0,9.5],"faces":{"east":{"uv":[9.18125,10.63125,9.00625,10.80625],"texture":"#0","tintindex":0},"south":{"uv":[3.11875,10.63125,2.94375,10.80625],"texture":"#0","tintindex":0},"north":{"uv":[1.36875,9.69375,1.19375,9.86875],"texture":"#0","tintindex":0},"west":{"uv":[1.36875,9.88125,1.19375,10.05625],"texture":"#0","tintindex":0},"up":{"uv":[3.81875,10.93125,3.99375,10.75625],"texture":"#0","tintindex":0},"down":{"uv":[5.25625,10.75625,5.43125,10.93125],"texture":"#0","tintindex":0}}}],"textures":{"0":"modelengine:entity/goblin_chopper"}}