{"display":{"gui":{"rotation":[30.0,225.0,0.0]}},"elements":[{"from":[5.5,6.75,5.5],"to":[10.5,9.75,10.5],"faces":{"east":{"uv":[10.25625,10.81875,10.55625,10.99375],"texture":"#0","tintindex":0},"south":{"uv":[10.56875,10.81875,10.86875,10.99375],"texture":"#0","tintindex":0},"north":{"uv":[9.94375,10.81875,10.24375,10.99375],"texture":"#0","tintindex":0},"west":{"uv":[0.56875,10.88125,0.86875,11.05625],"texture":"#0","tintindex":0},"up":{"uv":[5.24375,11.05625,4.94375,10.75625],"texture":"#0","tintindex":0},"down":{"uv":[7.24375,10.75625,6.94375,11.05625],"texture":"#0","tintindex":0}}},{"from":[-3.0,7.75,-3.0],"to":[19.0,7.75,19.0],"faces":{"up":{"uv":[2.80625,1.36875,1.44375,0.00625],"texture":"#0","tintindex":0},"down":{"uv":[2.80625,0.00625,1.44375,1.36875],"texture":"#0","tintindex":0}}}],"textures":{"0":"modelengine:entity/goblin_chopper"}}