{"display":{"gui":{"rotation":[30.0,225.0,0.0]}},"elements":[{"from":[8.0,0.0,1.0],"to":[22.0,16.0,15.0],"faces":{"east":{"uv":[0.00625,7.50625,0.86875,8.49375],"texture":"#0","tintindex":0},"south":{"uv":[6.75625,7.69375,7.61875,8.68125],"texture":"#0","tintindex":0},"north":{"uv":[4.75625,7.44375,5.61875,8.43125],"texture":"#0","tintindex":0},"west":{"uv":[7.63125,7.69375,8.49375,8.68125],"texture":"#0","tintindex":0},"up":{"uv":[6.49375,8.80625,5.63125,7.94375],"texture":"#0","tintindex":0},"down":{"uv":[8.93125,6.63125,8.06875,7.49375],"texture":"#0","tintindex":0}}},{"from":[13.5,19.0,6.5],"to":[16.5,22.0,9.5],"faces":{"east":{"uv":[1.19375,9.88125,1.36875,10.05625],"texture":"#0","tintindex":0},"south":{"uv":[2.94375,10.63125,3.11875,10.80625],"texture":"#0","tintindex":0},"north":{"uv":[1.19375,9.69375,1.36875,9.86875],"texture":"#0","tintindex":0},"west":{"uv":[9.00625,10.63125,9.18125,10.80625],"texture":"#0","tintindex":0},"up":{"uv":[3.99375,10.93125,3.81875,10.75625],"texture":"#0","tintindex":0},"down":{"uv":[5.43125,10.75625,5.25625,10.93125],"texture":"#0","tintindex":0}}},{"from":[11.0,16.0,4.0],"to":[19.0,19.0,12.0],"faces":{"east":{"uv":[7.25625,10.75625,7.74375,10.93125],"texture":"#0","tintindex":0},"south":{"uv":[10.81875,0.69375,11.30625,0.86875],"texture":"#0","tintindex":0},"north":{"uv":[10.75625,6.38125,11.24375,6.55625],"texture":"#0","tintindex":0},"west":{"uv":[10.81875,0.88125,11.30625,1.05625],"texture":"#0","tintindex":0},"up":{"uv":[8.43125,10.18125,7.94375,9.69375],"texture":"#0","tintindex":0},"down":{"uv":[10.18125,8.00625,9.69375,8.49375],"texture":"#0","tintindex":0}}}],"textures":{"0":"modelengine:entity/goblin_chopper"}}