{"display":{"thirdperson_righthand":{"rotation":[0.0,90.0,0.0],"translation":[1.0,0.5,3.25]},"thirdperson_lefthand":{"rotation":[0.0,-90.0,0.0],"translation":[-0.25,0.5,3.25]},"firstperson_righthand":{"rotation":[-42.0,86.0,-2.0],"translation":[1.0,3.75,1.75]},"firstperson_lefthand":{"rotation":[-42.0,-86.0,-2.0],"translation":[1.0,3.75,1.75]},"ground":{"rotation":[0.0,0.0,-90.0],"translation":[-2.5,0.0,1.0]},"gui":{"rotation":[-51.0,90.0,24.0],"translation":[1.25,-0.5,1.75]},"fixed":{"rotation":[-180.0,90.0,7.0],"translation":[1.25,2.25,-2.0]}},"elements":[{"from":[9.97835,5.25,0.77165],"to":[10.47835,14.25,6.77165],"rotation":{"origin":[9.25,9.75,6.77165],"axis":"y","angle":0.0},"faces":{"north":{"uv":[9.625,6.125,10.75,6.25],"texture":"#1","rotation":90},"east":{"uv":[5.875,0.0,5.125,1.125],"texture":"#1"},"south":{"uv":[9.75,4.25,10.875,4.375],"texture":"#1","rotation":270},"west":{"uv":[0.75,6.125,0.0,5.0],"texture":"#1","rotation":180},"up":{"uv":[10.0,8.0,10.75,8.125],"texture":"#1","rotation":270},"down":{"uv":[10.0,7.75,10.75,7.875],"texture":"#1","rotation":270}}},{"from":[9.97835,5.25,6.77165],"to":[10.47835,14.25,12.77165],"rotation":{"origin":[9.25,9.75,6.77165],"axis":"y","angle":0.0},"faces":{"north":{"uv":[9.75,4.5,10.875,4.625],"texture":"#1","rotation":90},"east":{"uv":[6.0,2.5,5.25,3.625],"texture":"#1"},"south":{"uv":[9.75,4.75,10.875,4.875],"texture":"#1","rotation":270},"west":{"uv":[6.0,2.375,5.25,1.25],"texture":"#1","rotation":180},"up":{"uv":[10.0,8.5,10.75,8.625],"texture":"#1","rotation":270},"down":{"uv":[10.0,8.25,10.75,8.375],"texture":"#1","rotation":270}}},{"from":[9.22835,5.75,6.77165],"to":[9.97835,13.75,11.77165],"rotation":{"origin":[9.25,9.75,6.77165],"axis":"y","angle":0.0},"faces":{"north":{"uv":[9.875,0.5,10.875,0.625],"texture":"#1","rotation":90},"east":{"uv":[6.75,1.125,6.125,2.125],"texture":"#1"},"south":{"uv":[9.875,0.75,10.875,0.875],"texture":"#1","rotation":270},"west":{"uv":[6.625,1.0,6.0,0.0],"texture":"#1","rotation":180},"up":{"uv":[10.0,9.0,10.625,9.125],"texture":"#1","rotation":270},"down":{"uv":[10.0,8.75,10.625,8.875],"texture":"#1","rotation":270}}},{"from":[9.22835,5.75,1.77165],"to":[9.97835,13.75,6.77165],"rotation":{"origin":[9.25,9.75,6.77165],"axis":"y","angle":0.0},"faces":{"north":{"uv":[9.875,1.0,10.875,1.125],"texture":"#1","rotation":90},"east":{"uv":[6.75,2.25,6.125,3.25],"texture":"#1"},"south":{"uv":[9.875,1.25,10.875,1.375],"texture":"#1","rotation":270},"west":{"uv":[2.625,7.125,2.0,6.125],"texture":"#1","rotation":180},"up":{"uv":[1.625,10.125,2.25,10.25],"texture":"#1","rotation":270},"down":{"uv":[0.875,10.125,1.5,10.25],"texture":"#1","rotation":270}}},{"from":[9.23,5.75,1.76336],"to":[9.23,13.75,6.76336],"rotation":{"origin":[9.25,9.75,6.77165],"axis":"y","angle":22.5},"faces":{"north":{"uv":[5.0,11.375,5.0,10.375],"texture":"#1","rotation":180},"east":{"uv":[4.875,6.125,3.875,6.75],"texture":"#1","rotation":90},"south":{"uv":[9.0,10.375,9.0,11.375],"texture":"#1"},"west":{"uv":[3.875,6.125,4.875,6.75],"texture":"#1","rotation":270},"up":{"uv":[4.875,10.375,4.875,11.0],"texture":"#1"},"down":{"uv":[4.75,10.375,4.75,11.0],"texture":"#1","rotation":180}}}],"textures":{"1":"wakame:item/weapon/dwarf_flame_set/mace_tome"},"gui_light":"front"}